Country,ISO3,Country of Origin,ISO3 of Origin,Population type,Source,Date,Individuals
Angola,AGO,Chad,TCD,Asylum-Seekers,"UNHCR, Government",30/06/2024,968
Angola,AGO,Chad,TCD,Asylum-Seekers,"UNHCR, Government",31/07/2024,968
Angola,AGO,Chad,TCD,Asylum-Seekers,"UNHCR, Government",31/08/2024,968
Angola,AGO,Chad,TCD,Asylum-Seekers,"UNHCR, Government",30/09/2024,968
Angola,AGO,Chad,TCD,Asylum-Seekers,"UNHCR, Government",30/11/2024,968
Angola,AGO,Côte d'Ivoire,CIV,Asylum-Seekers,"UNHCR, Government",30/06/2024,6357
Angola,AGO,Côte d'Ivoire,CIV,Asylum-Seekers,"UNHCR, Government",31/07/2024,6357
Angola,AGO,Côte d'Ivoire,CIV,Asylum-Seekers,"UNHCR, Government",31/08/2024,6357
Angola,AGO,Côte d'Ivoire,CIV,Asylum-Seekers,"UNHCR, Government",30/09/2024,6357
Angola,AGO,Côte d'Ivoire,CIV,Asylum-Seekers,"UNHCR, Government",30/11/2024,6357
Angola,AGO,Dem. Rep. of the Congo,COD,Asylum-Seekers,"UNHCR, Government",30/06/2024,22960
Angola,AGO,Dem. Rep. of the Congo,COD,Asylum-Seekers,"UNHCR, Government",31/07/2024,22971
Angola,AGO,Dem. Rep. of the Congo,COD,Asylum-Seekers,"UNHCR, Government",31/08/2024,22992
Angola,AGO,Dem. Rep. of the Congo,COD,Asylum-Seekers,"UNHCR, Government",30/09/2024,22947
Angola,AGO,Dem. Rep. of the Congo,COD,Asylum-Seekers,"UNHCR, Government",30/11/2024,22978
Angola,AGO,Eritrea,ERI,Asylum-Seekers,"UNHCR, Government",30/06/2024,1874
Angola,AGO,Eritrea,ERI,Asylum-Seekers,"UNHCR, Government",31/07/2024,1874
Angola,AGO,Eritrea,ERI,Asylum-Seekers,"UNHCR, Government",31/08/2024,1874
Angola,AGO,Eritrea,ERI,Asylum-Seekers,"UNHCR, Government",30/09/2024,1874
Angola,AGO,Eritrea,ERI,Asylum-Seekers,"UNHCR, Government",30/11/2024,1874
Angola,AGO,Guinea,GIN,Refugees,"UNHCR, Government",30/06/2024,9272
Angola,AGO,Guinea,GIN,Asylum-Seekers,"UNHCR, Government",30/06/2024,9272
Angola,AGO,Guinea,GIN,Refugees,"UNHCR, Government",31/07/2024,9272
Angola,AGO,Guinea,GIN,Asylum-Seekers,"UNHCR, Government",31/07/2024,9272
Angola,AGO,Guinea,GIN,Refugees,"UNHCR, Government",31/08/2024,9272
Angola,AGO,Guinea,GIN,Asylum-Seekers,"UNHCR, Government",31/08/2024,9272
Angola,AGO,Guinea,GIN,Refugees,"UNHCR, Government",30/09/2024,9272
Angola,AGO,Guinea,GIN,Asylum-Seekers,"UNHCR, Government",30/09/2024,9272
Angola,AGO,Guinea,GIN,Asylum-Seekers,"UNHCR, Government",30/11/2024,9272
Angola,AGO,Liberia,LBR,Asylum-Seekers,"UNHCR, Government",30/06/2024,639
Angola,AGO,Liberia,LBR,Asylum-Seekers,"UNHCR, Government",31/07/2024,639
Angola,AGO,Liberia,LBR,Asylum-Seekers,"UNHCR, Government",31/08/2024,639
Angola,AGO,Liberia,LBR,Asylum-Seekers,"UNHCR, Government",30/09/2024,639
Angola,AGO,Liberia,LBR,Asylum-Seekers,"UNHCR, Government",30/11/2024,639
Angola,AGO,Mauritania,MRT,Asylum-Seekers,"UNHCR, Government",30/06/2024,5725
Angola,AGO,Mauritania,MRT,Asylum-Seekers,"UNHCR, Government",31/07/2024,5722
Angola,AGO,Mauritania,MRT,Asylum-Seekers,"UNHCR, Government",31/08/2024,5722
Angola,AGO,Mauritania,MRT,Asylum-Seekers,"UNHCR, Government",30/09/2024,5722
Angola,AGO,Mauritania,MRT,Asylum-Seekers,"UNHCR, Government",30/11/2024,5725
Angola,AGO,Others,,Asylum-Seekers,"UNHCR, Government",30/06/2024,1323
Angola,AGO,Others,,Asylum-Seekers,"UNHCR, Government",31/07/2024,1323
Angola,AGO,Others,,Asylum-Seekers,"UNHCR, Government",31/08/2024,1323
Angola,AGO,Others,,Asylum-Seekers,"UNHCR, Government",30/09/2024,1323
Angola,AGO,Others,,Asylum-Seekers,"UNHCR, Government",30/11/2024,1323
Angola,AGO,Rwanda,RWA,Refugees,"UNHCR, Government",30/06/2024,628
Angola,AGO,Rwanda,RWA,Refugees,"UNHCR, Government",31/07/2024,628
Angola,AGO,Rwanda,RWA,Refugees,"UNHCR, Government",31/08/2024,628
Angola,AGO,Rwanda,RWA,Refugees,"UNHCR, Government",30/09/2024,628
Angola,AGO,Rwanda,RWA,Refugees,"UNHCR, Government",30/11/2024,628
Angola,AGO,Sierra Leone,SLE,Refugees,"UNHCR, Government",30/06/2024,1910
Angola,AGO,Sierra Leone,SLE,Asylum-Seekers,"UNHCR, Government",30/06/2024,1910
Angola,AGO,Sierra Leone,SLE,Refugees,"UNHCR, Government",31/07/2024,1910
Angola,AGO,Sierra Leone,SLE,Asylum-Seekers,"UNHCR, Government",31/07/2024,1910
Angola,AGO,Sierra Leone,SLE,Refugees,"UNHCR, Government",31/08/2024,1910
Angola,AGO,Sierra Leone,SLE,Refugees,"UNHCR, Government",30/09/2024,1910
Angola,AGO,Sierra Leone,SLE,Asylum-Seekers,"UNHCR, Government",30/09/2024,1910
Angola,AGO,Sierra Leone,SLE,Asylum-Seekers,"UNHCR, Government",30/11/2024,1910
Angola,AGO,Somalia,SOM,Refugees,"UNHCR, Government",30/06/2024,2002
Angola,AGO,Somalia,SOM,Refugees,"UNHCR, Government",31/07/2024,2002
Angola,AGO,Somalia,SOM,Refugees,"UNHCR, Government",31/08/2024,2002
Angola,AGO,Somalia,SOM,Refugees,"UNHCR, Government",30/09/2024,2002
Angola,AGO,Somalia,SOM,Refugees,"UNHCR, Government",30/11/2024,2002
Angola,AGO,Sudan,SDN,Asylum-Seekers,"UNHCR, Government",30/06/2024,1949
Angola,AGO,Sudan,SDN,Asylum-Seekers,"UNHCR, Government",31/07/2024,1949
Angola,AGO,Sudan,SDN,Asylum-Seekers,"UNHCR, Government",31/08/2024,1949
Angola,AGO,Sudan,SDN,Asylum-Seekers,"UNHCR, Government",30/09/2024,1949
Angola,AGO,Sudan,SDN,Asylum-Seekers,"UNHCR, Government",30/11/2024,1949
Burundi,BDI,Dem. Rep. of the Congo,COD,Refugees,"UNHCR, Government",31/03/2024,87580
Burundi,BDI,Dem. Rep. of the Congo,COD,Asylum-Seekers,"UNHCR, Government",31/03/2024,87580
Burundi,BDI,Dem. Rep. of the Congo,COD,Asylum-Seekers,"UNHCR, Government",31/07/2024,88931
Burundi,BDI,Dem. Rep. of the Congo,COD,Asylum-Seekers,"UNHCR, Government",31/07/2024,88933
Burundi,BDI,Others,,Asylum-Seekers,"UNHCR, Government",30/11/2023,0
Burundi,BDI,Others,,Asylum-Seekers,"UNHCR, Government",29/02/2024,2
Burundi,BDI,Rwanda,RWA,Refugees,"UNHCR, Government",31/03/2024,961
Burundi,BDI,Rwanda,RWA,Refugees,"UNHCR, Government",31/07/2024,960
Burundi,BDI,Uganda,UGA,Refugees,"UNHCR, Government",31/03/2024,17
Burundi,BDI,Uganda,UGA,Asylum-Seekers,"UNHCR, Government",31/07/2024,17
Burundi,BDI,Various,,Refugees,"UNHCR, Government",31/03/2024,41
Burundi,BDI,Various,,Refugees,"UNHCR, Government",31/07/2024,42
Benin,BEN,Burkina Faso,BFA,Refugees,"UNHCR, Government",31/05/2024,5396
Benin,BEN,Burkina Faso,BFA,Refugees,"UNHCR, Government",30/06/2024,5396
Benin,BEN,Burkina Faso,BFA,Refugees,"UNHCR, Government",15/08/2024,8605
Benin,BEN,Burkina Faso,BFA,Refugees,"UNHCR, Government",15/08/2024,8635
Benin,BEN,Burkina Faso,BFA,Refugees,"UNHCR, Government",31/08/2024,8711
Benin,BEN,Burkina Faso,BFA,Refugees,"UNHCR, Government",30/09/2024,8629
Benin,BEN,Central African Rep.,CAF,Refugees,"UNHCR, Government",31/05/2024,1228
Benin,BEN,Central African Rep.,CAF,Refugees,"UNHCR, Government",30/06/2024,1228
Benin,BEN,Central African Rep.,CAF,Refugees,"UNHCR, Government",15/08/2024,1228
Benin,BEN,Central African Rep.,CAF,Refugees,"UNHCR, Government",15/08/2024,1258
Benin,BEN,Central African Rep.,CAF,Refugees,"UNHCR, Government",31/08/2024,1229
Benin,BEN,Central African Rep.,CAF,Refugees,"UNHCR, Government",30/09/2024,1230
Benin,BEN,Côte d'Ivoire,CIV,Refugees,"UNHCR, Government",28/02/2023,0
Benin,BEN,Côte d'Ivoire,CIV,Refugees,"UNHCR, Government",15/08/2024,0
Benin,BEN,Togo,TGO,Refugees,"UNHCR, Government",31/05/2024,4716
Benin,BEN,Togo,TGO,Refugees,"UNHCR, Government",30/06/2024,4716
Benin,BEN,Togo,TGO,Refugees,"UNHCR, Government",15/08/2024,4717
Benin,BEN,Togo,TGO,Refugees,"UNHCR, Government",15/08/2024,4716
Benin,BEN,Togo,TGO,Refugees,"UNHCR, Government",31/08/2024,4717
Benin,BEN,Togo,TGO,Refugees,"UNHCR, Government",30/09/2024,4718
Benin,BEN,Various,,Asylum-Seekers,"UNHCR, Government",31/05/2024,8373
Benin,BEN,Various,,Asylum-Seekers,"UNHCR, Government",30/06/2024,4714
Benin,BEN,Various,,Refugees,"UNHCR, Government",15/08/2024,2522
Benin,BEN,Various,,Refugees,"UNHCR, Government",15/08/2024,2515
Benin,BEN,Various,,Refugees,"UNHCR, Government",31/08/2024,2485
Benin,BEN,Various,,Refugees,"UNHCR, Government",30/09/2024,2545
Burkina Faso,BFA,Burundi,BDI,Refugees,"UNHCR, Government",30/04/2024,25
Burkina Faso,BFA,Burundi,BDI,Refugees,"UNHCR, Government",30/06/2024,25
Burkina Faso,BFA,Burundi,BDI,Refugees,"UNHCR, Government",31/07/2024,25
Burkina Faso,BFA,Burundi,BDI,Refugees,"UNHCR, Government",31/08/2024,25
Burkina Faso,BFA,Burundi,BDI,Refugees,"UNHCR, Government",30/09/2024,25
Burkina Faso,BFA,Burundi,BDI,Refugees,"UNHCR, Government",30/11/2024,25
Burkina Faso,BFA,Central African Rep.,CAF,Refugees,"UNHCR, Government",30/04/2024,145
Burkina Faso,BFA,Central African Rep.,CAF,Refugees,"UNHCR, Government",30/06/2024,146
Burkina Faso,BFA,Central African Rep.,CAF,Refugees,"UNHCR, Government",31/07/2024,147
Burkina Faso,BFA,Central African Rep.,CAF,Refugees,"UNHCR, Government",31/08/2024,147
Burkina Faso,BFA,Central African Rep.,CAF,Refugees,"UNHCR, Government",30/09/2024,151
Burkina Faso,BFA,Central African Rep.,CAF,Refugees,"UNHCR, Government",30/11/2024,151
Burkina Faso,BFA,Chad,TCD,Refugees,"UNHCR, Government",30/04/2024,54
Burkina Faso,BFA,Chad,TCD,Refugees,"UNHCR, Government",30/06/2024,54
Burkina Faso,BFA,Chad,TCD,Refugees,"UNHCR, Government",31/07/2024,54
Burkina Faso,BFA,Chad,TCD,Refugees,"UNHCR, Government",31/08/2024,57
Burkina Faso,BFA,Chad,TCD,Refugees,"UNHCR, Government",30/09/2024,58
Burkina Faso,BFA,Chad,TCD,Refugees,"UNHCR, Government",30/11/2024,58
Burkina Faso,BFA,Congo,COG,Refugees,"UNHCR, Government",30/04/2024,19
Burkina Faso,BFA,Congo,COG,Refugees,"UNHCR, Government",30/06/2024,19
Burkina Faso,BFA,Congo,COG,Refugees,"UNHCR, Government",31/07/2024,19
Burkina Faso,BFA,Congo,COG,Refugees,"UNHCR, Government",31/08/2024,19
Burkina Faso,BFA,Congo,COG,Refugees,"UNHCR, Government",30/09/2024,19
Burkina Faso,BFA,Congo,COG,Refugees,"UNHCR, Government",30/11/2024,19
Burkina Faso,BFA,Dem. Rep. of the Congo,COD,Refugees,"UNHCR, Government",30/04/2024,21
Burkina Faso,BFA,Dem. Rep. of the Congo,COD,Refugees,"UNHCR, Government",30/06/2024,21
Burkina Faso,BFA,Dem. Rep. of the Congo,COD,Refugees,"UNHCR, Government",31/07/2024,23
Burkina Faso,BFA,Dem. Rep. of the Congo,COD,Refugees,"UNHCR, Government",31/08/2024,23
Burkina Faso,BFA,Dem. Rep. of the Congo,COD,Refugees,"UNHCR, Government",30/09/2024,23
Burkina Faso,BFA,Dem. Rep. of the Congo,COD,Refugees,"UNHCR, Government",30/11/2024,23
Burkina Faso,BFA,Mali,MLI,Refugees,"UNHCR, Government",30/04/2024,38557
Burkina Faso,BFA,Mali,MLI,Refugees,"UNHCR, Government",30/06/2024,38569
Burkina Faso,BFA,Mali,MLI,Refugees,"UNHCR, Government",31/07/2024,38913
Burkina Faso,BFA,Mali,MLI,Refugees,"UNHCR, Government",31/08/2024,38940
Burkina Faso,BFA,Mali,MLI,Refugees,"UNHCR, Government",30/09/2024,38950
Burkina Faso,BFA,Mali,MLI,Refugees,"UNHCR, Government",30/11/2024,39540
Burkina Faso,BFA,Others,,Refugees,"UNHCR, Government",30/04/2024,756
Burkina Faso,BFA,Others,,Refugees,"UNHCR, Government",30/06/2024,1110
Burkina Faso,BFA,Others,,Refugees,"UNHCR, Government",31/07/2024,1143
Burkina Faso,BFA,Others,,Refugees,"UNHCR, Government",31/08/2024,1143
Burkina Faso,BFA,Others,,Refugees,"UNHCR, Government",30/09/2024,1144
Burkina Faso,BFA,Others,,Refugees,"UNHCR, Government",30/11/2024,1328
Burkina Faso,BFA,Rwanda,RWA,Refugees,"UNHCR, Government",31/03/2024,8
Burkina Faso,BFA,Rwanda,RWA,Refugees,"UNHCR, Government",30/06/2024,8
Burkina Faso,BFA,Rwanda,RWA,Refugees,"UNHCR, Government",31/07/2024,8
Burkina Faso,BFA,Rwanda,RWA,Refugees,"UNHCR, Government",31/08/2024,8
Burkina Faso,BFA,Rwanda,RWA,Refugees,"UNHCR, Government",30/09/2024,8
Burkina Faso,BFA,Rwanda,RWA,Refugees,"UNHCR, Government",30/11/2024,8
Burkina Faso,BFA,Togo,TGO,Refugees,"UNHCR, Government",30/04/2024,16
Burkina Faso,BFA,Togo,TGO,Refugees,"UNHCR, Government",30/06/2024,488
Burkina Faso,BFA,Togo,TGO,Refugees,"UNHCR, Government",31/07/2024,488
Burkina Faso,BFA,Togo,TGO,Refugees,"UNHCR, Government",31/08/2024,488
Burkina Faso,BFA,Togo,TGO,Refugees,"UNHCR, Government",30/09/2024,488
Burkina Faso,BFA,Togo,TGO,Refugees,"UNHCR, Government",30/11/2024,489
Burkina Faso,BFA,Various,,Asylum-Seekers,"UNHCR, Government",31/03/2023,0
Central African Republic,CAF,Chad,TCD,Refugees,"Government, UNHCR",31/05/2024,33708
Central African Republic,CAF,Chad,TCD,Asylum-Seekers,"Government, UNHCR",30/06/2024,36902
Central African Republic,CAF,Chad,TCD,Asylum-Seekers,"Government, UNHCR",31/08/2024,37152
Central African Republic,CAF,Chad,TCD,Asylum-Seekers,"Government, UNHCR",31/10/2024,37179
Central African Republic,CAF,Chad,TCD,Refugees,"Government, UNHCR",31/10/2024,37179
Central African Republic,CAF,Dem. Rep. of the Congo,COD,Refugees,"Government, UNHCR",31/05/2024,6448
Central African Republic,CAF,Dem. Rep. of the Congo,COD,Refugees,"Government, UNHCR",30/06/2024,6448
Central African Republic,CAF,Dem. Rep. of the Congo,COD,Refugees,"Government, UNHCR",31/08/2024,6505
Central African Republic,CAF,Dem. Rep. of the Congo,COD,Refugees,"Government, UNHCR",31/10/2024,6469
Central African Republic,CAF,Rwanda,RWA,Refugees,"Government, UNHCR",31/05/2024,238
Central African Republic,CAF,Rwanda,RWA,Refugees,"Government, UNHCR",30/06/2024,238
Central African Republic,CAF,Rwanda,RWA,Refugees,"Government, UNHCR",31/08/2024,237
Central African Republic,CAF,South Sudan,SSD,Refugees,"Government, UNHCR",31/05/2024,2825
Central African Republic,CAF,South Sudan,SSD,Refugees,"Government, UNHCR",30/06/2024,2825
Central African Republic,CAF,South Sudan,SSD,Refugees,"Government, UNHCR",31/08/2024,2867
Central African Republic,CAF,South Sudan,SSD,Refugees,"Government, UNHCR",31/10/2024,2859
Central African Republic,CAF,Sudan,SDN,Refugees,"Government, UNHCR",07/07/2024,104406
Central African Republic,CAF,Sudan,SDN,Refugees,"Government, UNHCR",07/07/2024,108762
Central African Republic,CAF,Sudan,SDN,Refugees,"Government, UNHCR",28/07/2024,109256
Central African Republic,CAF,Sudan,SDN,Refugees,"Government, UNHCR",31/07/2024,109365
Central African Republic,CAF,Sudan,SDN,Refugees,"Government, UNHCR",31/07/2024,114840
Central African Republic,CAF,Sudan,SDN,Refugees,"Government, UNHCR",11/08/2024,114950
Central African Republic,CAF,Sudan,SDN,Refugees,"Government, UNHCR",11/08/2024,28871
Central African Republic,CAF,Sudan,SDN,Refugees,"Government, UNHCR",26/08/2024,29000
Central African Republic,CAF,Sudan,SDN,Refugees,"Government, UNHCR",30/08/2024,29043
Central African Republic,CAF,Sudan,SDN,Refugees,"Government, UNHCR",09/09/2024,29070
Central African Republic,CAF,Sudan,SDN,Refugees,"Government, UNHCR",09/09/2024,29579
Central African Republic,CAF,Sudan,SDN,Refugees,"Government, UNHCR",10/11/2024,30169
Central African Republic,CAF,Sudan,SDN,Refugees,"Government, UNHCR",23/11/2024,30755
Central African Republic,CAF,Sudan,SDN,Refugees,"Government, UNHCR",29/11/2024,37100
Central African Republic,CAF,Sudan,SDN,Refugees,"Government, UNHCR",27/12/2024,30391
Central African Republic,CAF,Various,,Refugees,"Government, UNHCR",31/05/2024,33533
Central African Republic,CAF,Various,,Refugees,"Government, UNHCR",30/06/2024,30020
Central African Republic,CAF,Various,,Refugees,"Government, UNHCR",31/07/2024,8809
Central African Republic,CAF,Various,,Asylum-Seekers,"Government, UNHCR",31/07/2024,8809
Central African Republic,CAF,Various,,Asylum-Seekers,"Government, UNHCR",31/08/2024,8812
Central African Republic,CAF,Various,,Asylum-Seekers,"Government, UNHCR",31/10/2024,9095
Central African Republic,CAF,Various,,Refugees,"Government, UNHCR",31/10/2024,9095
Cote d'Ivoire,CIV,Burkina Faso,BFA,Refugees,"UNHCR, Government",31/08/2023,0
Cote d'Ivoire,CIV,Central African Rep.,CAF,Refugees,"UNHCR, Government",31/05/2024,608
Cote d'Ivoire,CIV,Central African Rep.,CAF,Refugees,"UNHCR, Government",31/07/2024,608
Cote d'Ivoire,CIV,Central African Rep.,CAF,Refugees,"UNHCR, Government",30/09/2024,608
Cote d'Ivoire,CIV,Congo,COG,Refugees,"UNHCR, Government",31/05/2024,75
Cote d'Ivoire,CIV,Dem. Rep. of the Congo,COD,Refugees,"UNHCR, Government",31/05/2024,124
Cote d'Ivoire,CIV,Liberia,LBR,Refugees,"UNHCR, Government",31/05/2024,1152
Cote d'Ivoire,CIV,Liberia,LBR,Refugees,"UNHCR, Government",31/07/2024,1152
Cote d'Ivoire,CIV,Liberia,LBR,Refugees,"UNHCR, Government",31/10/2024,1152
Cote d'Ivoire,CIV,Liberia,LBR,Refugees,"UNHCR, Government",30/11/2024,1152
Cote d'Ivoire,CIV,Rwanda,RWA,Refugees,"UNHCR, Government",31/05/2024,45
Cote d'Ivoire,CIV,Syrian Arab Rep.,SYR,Refugees,"UNHCR, Government",31/05/2024,164
Cote d'Ivoire,CIV,Various,,Asylum-Seekers,"UNHCR, Government",31/05/2024,50768
Cote d'Ivoire,CIV,Various,,Asylum-Seekers,"UNHCR, Government",30/06/2024,53397
Cote d'Ivoire,CIV,Various,,Asylum-Seekers,"UNHCR, Government",31/07/2024,56032
Cote d'Ivoire,CIV,Various,,Asylum-Seekers,"UNHCR, Government",31/08/2024,59180
Cote d'Ivoire,CIV,Various,,Asylum-Seekers,"UNHCR, Government",31/10/2024,63652
Cote d'Ivoire,CIV,Various,,Asylum-Seekers,"UNHCR, Government",30/11/2024,66337
Cameroon,CMR,Burundi,BDI,Refugees,"UNHCR, Government",30/04/2024,55
Cameroon,CMR,Burundi,BDI,Refugees,"UNHCR, Government",30/06/2024,55
Cameroon,CMR,Burundi,BDI,Refugees,"UNHCR, Government",31/08/2024,55
Cameroon,CMR,Burundi,BDI,Refugees,"UNHCR, Government",31/10/2024,50
Cameroon,CMR,Burundi,BDI,Refugees,"UNHCR, Government",30/11/2024,50
Cameroon,CMR,Central African Rep.,CAF,Refugees,"UNHCR, Government",30/04/2024,351905
Cameroon,CMR,Central African Rep.,CAF,Refugees,"UNHCR, Government",30/06/2024,346061
Cameroon,CMR,Central African Rep.,CAF,Refugees,"UNHCR, Government",31/08/2024,308891
Cameroon,CMR,Central African Rep.,CAF,Refugees,"UNHCR, Government",31/10/2024,282008
Cameroon,CMR,Central African Rep.,CAF,Refugees,"UNHCR, Government",30/11/2024,282843
Cameroon,CMR,Chad,TCD,Refugees,"UNHCR, Government",30/04/2024,1706
Cameroon,CMR,Chad,TCD,Refugees,"UNHCR, Government",30/06/2024,1714
Cameroon,CMR,Chad,TCD,Refugees,"UNHCR, Government",31/08/2024,1711
Cameroon,CMR,Chad,TCD,Refugees,"UNHCR, Government",31/10/2024,1724
Cameroon,CMR,Chad,TCD,Refugees,"UNHCR, Government",30/11/2024,1761
Cameroon,CMR,Congo,COG,Refugees,"UNHCR, Government",30/04/2024,45
Cameroon,CMR,Congo,COG,Refugees,"UNHCR, Government",30/06/2024,45
Cameroon,CMR,Congo,COG,Refugees,"UNHCR, Government",31/08/2024,45
Cameroon,CMR,Congo,COG,Refugees,"UNHCR, Government",31/10/2024,45
Cameroon,CMR,Congo,COG,Refugees,"UNHCR, Government",30/11/2024,45
Cameroon,CMR,Côte d'Ivoire,CIV,Refugees,"UNHCR, Government",30/04/2024,32
Cameroon,CMR,Côte d'Ivoire,CIV,Refugees,"UNHCR, Government",30/06/2024,32
Cameroon,CMR,Côte d'Ivoire,CIV,Refugees,"UNHCR, Government",31/08/2024,32
Cameroon,CMR,Côte d'Ivoire,CIV,Refugees,"UNHCR, Government",31/10/2024,33
Cameroon,CMR,Côte d'Ivoire,CIV,Refugees,"UNHCR, Government",30/11/2024,33
Cameroon,CMR,Dem. Rep. of the Congo,COD,Refugees,"UNHCR, Government",30/04/2024,475
Cameroon,CMR,Dem. Rep. of the Congo,COD,Refugees,"UNHCR, Government",30/06/2024,471
Cameroon,CMR,Dem. Rep. of the Congo,COD,Refugees,"UNHCR, Government",31/08/2024,464
Cameroon,CMR,Dem. Rep. of the Congo,COD,Refugees,"UNHCR, Government",31/10/2024,464
Cameroon,CMR,Dem. Rep. of the Congo,COD,Refugees,"UNHCR, Government",30/11/2024,465
Cameroon,CMR,Nigeria,NGA,Refugees,"UNHCR, Government",30/04/2024,121775
Cameroon,CMR,Nigeria,NGA,Refugees,"UNHCR, Government",30/06/2024,123341
Cameroon,CMR,Nigeria,NGA,Refugees,"UNHCR, Government",31/08/2024,123989
Cameroon,CMR,Nigeria,NGA,Refugees,"UNHCR, Government",31/10/2024,124785
Cameroon,CMR,Nigeria,NGA,Refugees,"UNHCR, Government",30/11/2024,125206
Cameroon,CMR,Others,,Refugees,"UNHCR, Government",30/04/2024,11206
Cameroon,CMR,Others,,Refugees,"UNHCR, Government",30/06/2024,11985
Cameroon,CMR,Others,,Refugees,"UNHCR, Government",31/08/2024,13680
Cameroon,CMR,Others,,Refugees,"UNHCR, Government",31/10/2024,15673
Cameroon,CMR,Others,,Refugees,"UNHCR, Government",30/11/2024,16479
Cameroon,CMR,Rwanda,RWA,Refugees,"UNHCR, Government",30/04/2024,267
Cameroon,CMR,Rwanda,RWA,Refugees,"UNHCR, Government",30/06/2024,268
Cameroon,CMR,Rwanda,RWA,Refugees,"UNHCR, Government",31/08/2024,269
Cameroon,CMR,Rwanda,RWA,Refugees,"UNHCR, Government",31/10/2024,272
Cameroon,CMR,Rwanda,RWA,Refugees,"UNHCR, Government",30/11/2024,272
Cameroon,CMR,Sudan,SDN,Refugees,"UNHCR, Government",30/04/2024,126
Cameroon,CMR,Sudan,SDN,Refugees,"UNHCR, Government",30/06/2024,133
Cameroon,CMR,Sudan,SDN,Refugees,"UNHCR, Government",31/08/2024,150
Cameroon,CMR,Sudan,SDN,Refugees,"UNHCR, Government",31/10/2024,187
Cameroon,CMR,Sudan,SDN,Refugees,"UNHCR, Government",30/11/2024,214
Democratic Republic of the Congo,COD,Angola,AGO,Refugees,"UNHCR, Government",31/05/2024,374
Democratic Republic of the Congo,COD,Angola,AGO,Refugees,"UNHCR, Government",31/07/2024,375
Democratic Republic of the Congo,COD,Angola,AGO,Refugees,"UNHCR, Government",30/09/2024,390
Democratic Republic of the Congo,COD,Angola,AGO,Refugees,"UNHCR, Government",31/10/2024,396
Democratic Republic of the Congo,COD,Angola,AGO,Refugees,"UNHCR, Government",30/11/2024,395
Democratic Republic of the Congo,COD,Burundi,BDI,Refugees,"UNHCR, Government",31/05/2024,51793
Democratic Republic of the Congo,COD,Burundi,BDI,Refugees,"UNHCR, Government",31/07/2024,52545
Democratic Republic of the Congo,COD,Burundi,BDI,Refugees,"UNHCR, Government",31/07/2024,52510
Democratic Republic of the Congo,COD,Burundi,BDI,Refugees,"UNHCR, Government",30/09/2024,52142
Democratic Republic of the Congo,COD,Burundi,BDI,Refugees,"UNHCR, Government",31/10/2024,50814
Democratic Republic of the Congo,COD,Burundi,BDI,Refugees,"UNHCR, Government",30/11/2024,51265
Democratic Republic of the Congo,COD,Cameroon,CMR,Refugees,"UNHCR, Government",31/05/2024,1
Democratic Republic of the Congo,COD,Cameroon,CMR,Refugees,"UNHCR, Government",30/09/2024,1
Democratic Republic of the Congo,COD,Cameroon,CMR,Refugees,"UNHCR, Government",31/10/2024,1
Democratic Republic of the Congo,COD,Cameroon,CMR,Refugees,"UNHCR, Government",30/11/2024,1
Democratic Republic of the Congo,COD,Central African Rep.,CAF,Refugees,"UNHCR, Government",31/05/2024,210483
Democratic Republic of the Congo,COD,Central African Rep.,CAF,Refugees,"UNHCR, Government",31/07/2024,208274
Democratic Republic of the Congo,COD,Central African Rep.,CAF,Refugees,"UNHCR, Government",31/07/2024,208276
Democratic Republic of the Congo,COD,Central African Rep.,CAF,Refugees,"UNHCR, Government",30/09/2024,207776
Democratic Republic of the Congo,COD,Central African Rep.,CAF,Refugees,"UNHCR, Government",31/10/2024,206713
Democratic Republic of the Congo,COD,Central African Rep.,CAF,Refugees,"UNHCR, Government",30/11/2024,206766
Democratic Republic of the Congo,COD,Chad,TCD,Refugees,"UNHCR, Government",31/05/2024,22
Democratic Republic of the Congo,COD,Chad,TCD,Refugees,"UNHCR, Government",31/07/2024,22
Democratic Republic of the Congo,COD,Chad,TCD,Refugees,"UNHCR, Government",30/09/2024,22
Democratic Republic of the Congo,COD,Chad,TCD,Refugees,"UNHCR, Government",31/10/2024,22
Democratic Republic of the Congo,COD,Chad,TCD,Refugees,"UNHCR, Government",30/11/2024,22
Democratic Republic of the Congo,COD,Congo,COG,Refugees,"UNHCR, Government",31/05/2024,409
Democratic Republic of the Congo,COD,Congo,COG,Refugees,"UNHCR, Government",31/07/2024,426
Democratic Republic of the Congo,COD,Congo,COG,Refugees,"UNHCR, Government",30/09/2024,428
Democratic Republic of the Congo,COD,Congo,COG,Refugees,"UNHCR, Government",31/10/2024,417
Democratic Republic of the Congo,COD,Congo,COG,Refugees,"UNHCR, Government",30/11/2024,406
Democratic Republic of the Congo,COD,Côte d'Ivoire,CIV,Refugees,"UNHCR, Government",31/05/2024,12
Democratic Republic of the Congo,COD,Côte d'Ivoire,CIV,Refugees,"UNHCR, Government",31/07/2024,11
Democratic Republic of the Congo,COD,Côte d'Ivoire,CIV,Refugees,"UNHCR, Government",30/09/2024,11
Democratic Republic of the Congo,COD,Côte d'Ivoire,CIV,Refugees,"UNHCR, Government",31/10/2024,11
Democratic Republic of the Congo,COD,Côte d'Ivoire,CIV,Refugees,"UNHCR, Government",30/11/2024,11
Democratic Republic of the Congo,COD,Eritrea,ERI,Refugees,"UNHCR, Government",31/05/2024,8
Democratic Republic of the Congo,COD,Eritrea,ERI,Refugees,"UNHCR, Government",31/07/2024,9
Democratic Republic of the Congo,COD,Eritrea,ERI,Refugees,"UNHCR, Government",30/09/2024,9
Democratic Republic of the Congo,COD,Eritrea,ERI,Refugees,"UNHCR, Government",31/10/2024,9
Democratic Republic of the Congo,COD,Eritrea,ERI,Refugees,"UNHCR, Government",30/11/2024,9
Democratic Republic of the Congo,COD,Ethiopia,ETH,Refugees,"UNHCR, Government",30/04/2024,5
Democratic Republic of the Congo,COD,Ethiopia,ETH,Refugees,"UNHCR, Government",31/07/2024,5
Democratic Republic of the Congo,COD,Ethiopia,ETH,Refugees,"UNHCR, Government",30/09/2024,5
Democratic Republic of the Congo,COD,Ethiopia,ETH,Refugees,"UNHCR, Government",31/10/2024,5
Democratic Republic of the Congo,COD,Guinea,GIN,Refugees,"UNHCR, Government",30/04/2024,1
Democratic Republic of the Congo,COD,Guinea,GIN,Refugees,"UNHCR, Government",31/07/2024,1
Democratic Republic of the Congo,COD,Guinea,GIN,Refugees,"UNHCR, Government",30/09/2024,1
Democratic Republic of the Congo,COD,Guinea,GIN,Refugees,"UNHCR, Government",31/10/2024,1
Democratic Republic of the Congo,COD,Guinea,GIN,Refugees,"UNHCR, Government",30/11/2024,1
Democratic Republic of the Congo,COD,Liberia,LBR,Refugees,"UNHCR, Government",31/05/2024,5
Democratic Republic of the Congo,COD,Liberia,LBR,Refugees,"UNHCR, Government",31/07/2024,5
Democratic Republic of the Congo,COD,Liberia,LBR,Refugees,"UNHCR, Government",30/09/2024,5
Democratic Republic of the Congo,COD,Liberia,LBR,Refugees,"UNHCR, Government",31/10/2024,5
Democratic Republic of the Congo,COD,Liberia,LBR,Refugees,"UNHCR, Government",30/11/2024,5
Democratic Republic of the Congo,COD,Mali,MLI,Refugees,"UNHCR, Government",31/05/2024,9
Democratic Republic of the Congo,COD,Mali,MLI,Refugees,"UNHCR, Government",31/07/2024,9
Democratic Republic of the Congo,COD,Mali,MLI,Refugees,"UNHCR, Government",30/09/2024,9
Democratic Republic of the Congo,COD,Mali,MLI,Refugees,"UNHCR, Government",31/10/2024,9
Democratic Republic of the Congo,COD,Mali,MLI,Refugees,"UNHCR, Government",30/11/2024,9
Democratic Republic of the Congo,COD,Nigeria,NGA,Refugees,"UNHCR, Government",31/05/2024,10
Democratic Republic of the Congo,COD,Nigeria,NGA,Refugees,"UNHCR, Government",31/07/2024,10
Democratic Republic of the Congo,COD,Nigeria,NGA,Refugees,"UNHCR, Government",30/09/2024,10
Democratic Republic of the Congo,COD,Nigeria,NGA,Refugees,"UNHCR, Government",31/10/2024,10
Democratic Republic of the Congo,COD,Nigeria,NGA,Refugees,"UNHCR, Government",30/11/2024,10
Democratic Republic of the Congo,COD,Others,,Asylum-Seekers,"UNHCR, Government",31/05/2024,6454
Democratic Republic of the Congo,COD,Others,,Asylum-Seekers,"UNHCR, Government",31/07/2024,6074
Democratic Republic of the Congo,COD,Others,,Asylum-Seekers,"UNHCR, Government",30/09/2024,1097
Democratic Republic of the Congo,COD,Others,,Asylum-Seekers,"UNHCR, Government",31/10/2024,760
Democratic Republic of the Congo,COD,Others,,Asylum-Seekers,"UNHCR, Government",30/11/2024,900
Democratic Republic of the Congo,COD,Rwanda,RWA,Refugees,"UNHCR, Government",31/05/2024,206640
Democratic Republic of the Congo,COD,Rwanda,RWA,Refugees,"UNHCR, Government",31/07/2024,206494
Democratic Republic of the Congo,COD,Rwanda,RWA,Refugees,"UNHCR, Government",30/09/2024,206750
Democratic Republic of the Congo,COD,Rwanda,RWA,Refugees,"UNHCR, Government",31/10/2024,205161
Democratic Republic of the Congo,COD,Rwanda,RWA,Refugees,"UNHCR, Government",30/11/2024,204159
Democratic Republic of the Congo,COD,Senegal,SEN,Refugees,"UNHCR, Government",30/04/2024,1
Democratic Republic of the Congo,COD,Senegal,SEN,Refugees,"UNHCR, Government",31/07/2024,1
Democratic Republic of the Congo,COD,Senegal,SEN,Refugees,"UNHCR, Government",30/09/2024,1
Democratic Republic of the Congo,COD,Senegal,SEN,Refugees,"UNHCR, Government",31/10/2024,1
Democratic Republic of the Congo,COD,Senegal,SEN,Refugees,"UNHCR, Government",30/11/2024,1
Democratic Republic of the Congo,COD,Sierra Leone,SLE,Refugees,"UNHCR, Government",30/04/2024,1
Democratic Republic of the Congo,COD,Sierra Leone,SLE,Refugees,"UNHCR, Government",31/07/2024,1
Democratic Republic of the Congo,COD,Sierra Leone,SLE,Refugees,"UNHCR, Government",30/09/2024,1
Democratic Republic of the Congo,COD,Sierra Leone,SLE,Refugees,"UNHCR, Government",31/10/2024,1
Democratic Republic of the Congo,COD,Sierra Leone,SLE,Refugees,"UNHCR, Government",30/11/2024,1
Democratic Republic of the Congo,COD,Somalia,SOM,Refugees,"UNHCR, Government",30/04/2024,23
Democratic Republic of the Congo,COD,Somalia,SOM,Refugees,"UNHCR, Government",31/07/2024,25
Democratic Republic of the Congo,COD,Somalia,SOM,Refugees,"UNHCR, Government",30/09/2024,26
Democratic Republic of the Congo,COD,Somalia,SOM,Refugees,"UNHCR, Government",31/10/2024,22
Democratic Republic of the Congo,COD,Somalia,SOM,Refugees,"UNHCR, Government",30/11/2024,22
Democratic Republic of the Congo,COD,South Sudan,SSD,Refugees,"UNHCR, Government",31/05/2024,49906
Democratic Republic of the Congo,COD,South Sudan,SSD,Refugees,"UNHCR, Government",31/07/2024,50164
Democratic Republic of the Congo,COD,South Sudan,SSD,Refugees,"UNHCR, Government",30/09/2024,55736
Democratic Republic of the Congo,COD,South Sudan,SSD,Refugees,"UNHCR, Government",31/10/2024,55775
Democratic Republic of the Congo,COD,South Sudan,SSD,Refugees,"UNHCR, Government",30/11/2024,56114
Democratic Republic of the Congo,COD,Sudan,SDN,Refugees,"UNHCR, Government",31/05/2024,49
Democratic Republic of the Congo,COD,Sudan,SDN,Refugees,"UNHCR, Government",31/07/2024,49
Democratic Republic of the Congo,COD,Sudan,SDN,Refugees,"UNHCR, Government",30/09/2024,57
Democratic Republic of the Congo,COD,Sudan,SDN,Refugees,"UNHCR, Government",31/10/2024,57
Democratic Republic of the Congo,COD,Sudan,SDN,Refugees,"UNHCR, Government",30/11/2024,57
Democratic Republic of the Congo,COD,Syrian Arab Rep.,SYR,Refugees,"UNHCR, Government",30/04/2024,17
Democratic Republic of the Congo,COD,Syrian Arab Rep.,SYR,Refugees,"UNHCR, Government",31/07/2024,17
Democratic Republic of the Congo,COD,Syrian Arab Rep.,SYR,Refugees,"UNHCR, Government",30/09/2024,17
Democratic Republic of the Congo,COD,Syrian Arab Rep.,SYR,Refugees,"UNHCR, Government",31/10/2024,19
Democratic Republic of the Congo,COD,Syrian Arab Rep.,SYR,Refugees,"UNHCR, Government",30/11/2024,19
Democratic Republic of the Congo,COD,Uganda,UGA,Refugees,"UNHCR, Government",31/05/2024,25
Democratic Republic of the Congo,COD,Uganda,UGA,Refugees,"UNHCR, Government",31/07/2024,25
Democratic Republic of the Congo,COD,Uganda,UGA,Refugees,"UNHCR, Government",30/09/2024,25
Democratic Republic of the Congo,COD,Uganda,UGA,Refugees,"UNHCR, Government",31/10/2024,25
Democratic Republic of the Congo,COD,Uganda,UGA,Refugees,"UNHCR, Government",30/11/2024,25
Djibouti,DJI,Eritrea,ERI,Asylum-Seekers,UNHCR,30/06/2024,1479
Djibouti,DJI,Eritrea,ERI,Asylum-Seekers,UNHCR,31/07/2024,1478
Djibouti,DJI,Eritrea,ERI,Asylum-Seekers,UNHCR,31/08/2024,1502
Djibouti,DJI,Eritrea,ERI,Asylum-Seekers,"UNHCR, Government",31/10/2024,1518
Djibouti,DJI,Eritrea,ERI,Refugees,"UNHCR, Government",31/10/2024,1518
Djibouti,DJI,Ethiopia,ETH,Refugees,UNHCR,30/06/2024,13001
Djibouti,DJI,Ethiopia,ETH,Asylum-Seekers,UNHCR,30/06/2024,13001
Djibouti,DJI,Ethiopia,ETH,Refugees,UNHCR,31/07/2024,13033
Djibouti,DJI,Ethiopia,ETH,Refugees,UNHCR,31/08/2024,13258
Djibouti,DJI,Ethiopia,ETH,Refugees,"UNHCR, Government",31/10/2024,13559
Djibouti,DJI,Ethiopia,ETH,Asylum-Seekers,"UNHCR, Government",31/10/2024,13559
Djibouti,DJI,Others,,Refugees,UNHCR,30/06/2024,78
Djibouti,DJI,Others,,Asylum-Seekers,UNHCR,31/07/2024,79
Djibouti,DJI,Others,,Refugees,UNHCR,31/07/2024,79
Djibouti,DJI,Others,,Refugees,UNHCR,31/08/2024,100
Djibouti,DJI,Others,,Refugees,"UNHCR, Government",31/10/2024,102
Djibouti,DJI,Somalia,SOM,Asylum-Seekers,UNHCR,30/06/2024,13544
Djibouti,DJI,Somalia,SOM,Asylum-Seekers,UNHCR,31/07/2024,13551
Djibouti,DJI,Somalia,SOM,Asylum-Seekers,UNHCR,31/08/2024,13546
Djibouti,DJI,Somalia,SOM,Refugees,UNHCR,31/08/2024,13546
Djibouti,DJI,Somalia,SOM,Refugees,"UNHCR, Government",31/10/2024,13594
Djibouti,DJI,Somalia,SOM,Asylum-Seekers,"UNHCR, Government",31/10/2024,13594
Djibouti,DJI,Yemen,YEM,Asylum-Seekers,UNHCR,30/06/2024,3407
Djibouti,DJI,Yemen,YEM,Asylum-Seekers,UNHCR,31/07/2024,3421
Djibouti,DJI,Yemen,YEM,Refugees,UNHCR,31/08/2024,3419
Djibouti,DJI,Yemen,YEM,Asylum-Seekers,UNHCR,31/08/2024,3419
Djibouti,DJI,Yemen,YEM,Asylum-Seekers,"UNHCR, Government",31/10/2024,3460
Ethiopia,ETH,Eritrea,ERI,Refugees,"UNHCR, Government",30/06/2024,179276
Ethiopia,ETH,Eritrea,ERI,Refugees,"UNHCR, Government",31/07/2024,179379
Ethiopia,ETH,Eritrea,ERI,Refugees,"UNHCR, Government",31/10/2024,179364
Ethiopia,ETH,Eritrea,ERI,Refugees,"UNHCR, Government",30/11/2024,179616
Ethiopia,ETH,Others,,Refugees,"UNHCR, Government",30/06/2024,6753
Ethiopia,ETH,Others,,Refugees,"UNHCR, Government",31/07/2024,6705
Ethiopia,ETH,Others,,Refugees,"UNHCR, Government",31/10/2024,6750
Ethiopia,ETH,Others,,Refugees,"UNHCR, Government",30/11/2024,8302
Ethiopia,ETH,Somalia,SOM,Refugees,"UNHCR, Government",30/06/2024,358768
Ethiopia,ETH,Somalia,SOM,Refugees,"UNHCR, Government",31/07/2024,356551
Ethiopia,ETH,Somalia,SOM,Refugees,"UNHCR, Government",31/10/2024,361189
Ethiopia,ETH,Somalia,SOM,Refugees,"UNHCR, Government",30/11/2024,361691
Ethiopia,ETH,South Sudan,SSD,Refugees,"UNHCR, Government",30/06/2024,423163
Ethiopia,ETH,South Sudan,SSD,Refugees,"UNHCR, Government",31/07/2024,430634
Ethiopia,ETH,South Sudan,SSD,Refugees,"UNHCR, Government",31/10/2024,431130
Ethiopia,ETH,South Sudan,SSD,Refugees,"UNHCR, Government",30/11/2024,430091
Ethiopia,ETH,Sudan,SDN,Refugees,"UNHCR, Government",07/07/2024,140246
Ethiopia,ETH,Sudan,SDN,Refugees,"UNHCR, Government",15/07/2024,140308
Ethiopia,ETH,Sudan,SDN,Refugees,"UNHCR, Government",22/07/2024,140612
Ethiopia,ETH,Sudan,SDN,Refugees,"UNHCR, Government",29/07/2024,141133
Ethiopia,ETH,Sudan,SDN,Refugees,"UNHCR, Government",04/08/2024,141349
Ethiopia,ETH,Sudan,SDN,Refugees,"UNHCR, Government",04/08/2024,166028
Ethiopia,ETH,Sudan,SDN,Refugees,"UNHCR, Government",11/08/2024,166284
Ethiopia,ETH,Sudan,SDN,Refugees,"UNHCR, Government",11/08/2024,141605
Ethiopia,ETH,Sudan,SDN,Refugees,"UNHCR, Government",11/08/2024,136108
Ethiopia,ETH,Sudan,SDN,Refugees,"UNHCR, Government",18/08/2024,136310
Ethiopia,ETH,Sudan,SDN,Refugees,"UNHCR, Government",25/08/2024,136502
Ethiopia,ETH,Sudan,SDN,Refugees,"UNHCR, Government",01/09/2024,136793
Ethiopia,ETH,Sudan,SDN,Refugees,"UNHCR, Government",08/09/2024,136886
Ethiopia,ETH,Sudan,SDN,Refugees,"UNHCR, Government",11/11/2024,141054
Ethiopia,ETH,Sudan,SDN,Refugees,"UNHCR, Government",18/11/2024,141236
Ethiopia,ETH,Sudan,SDN,Refugees,"UNHCR, Government",24/11/2024,141402
Ethiopia,ETH,Sudan,SDN,Refugees,"UNHCR, Government",01/12/2024,141526
Ethiopia,ETH,Sudan,SDN,Refugees,"UNHCR, Government",08/12/2024,141827
Ethiopia,ETH,Sudan,SDN,Refugees,"UNHCR, Government",08/12/2024,142686
Ethiopia,ETH,Sudan,SDN,Refugees,"UNHCR, Government",15/12/2024,142826
Ethiopia,ETH,Sudan,SDN,Refugees,"UNHCR, Government",22/12/2024,143077
Ethiopia,ETH,Sudan,SDN,Refugees,"UNHCR, Government",29/12/2024,143401
Ethiopia,ETH,Yemen,YEM,Refugees,"UNHCR, Government",30/06/2024,2534
Ethiopia,ETH,Yemen,YEM,Refugees,"UNHCR, Government",31/07/2024,2547
Ethiopia,ETH,Yemen,YEM,Refugees,"UNHCR, Government",31/10/2024,2602
Ethiopia,ETH,Yemen,YEM,Refugees,"UNHCR, Government",30/11/2024,2617
Ghana,GHA,Central African Rep.,CAF,Refugees,"UNHCR, Government",31/05/2024,202
Ghana,GHA,Central African Rep.,CAF,Refugees,"UNHCR, Government",31/07/2024,202
Ghana,GHA,Central African Rep.,CAF,Refugees,"UNHCR, Government",31/08/2024,200
Ghana,GHA,Chad,TCD,Refugees,"UNHCR, Government",31/05/2024,43
Ghana,GHA,Chad,TCD,Refugees,"UNHCR, Government",31/07/2024,43
Ghana,GHA,Chad,TCD,Refugees,"UNHCR, Government",31/08/2024,43
Ghana,GHA,Côte d'Ivoire,CIV,Refugees,"UNHCR, Government",31/05/2024,678
Ghana,GHA,Côte d'Ivoire,CIV,Refugees,"UNHCR, Government",31/07/2024,680
Ghana,GHA,Côte d'Ivoire,CIV,Refugees,"UNHCR, Government",31/08/2024,680
Ghana,GHA,Dem. Rep. of the Congo,COD,Refugees,"UNHCR, Government",31/05/2024,69
Ghana,GHA,Dem. Rep. of the Congo,COD,Refugees,"UNHCR, Government",31/07/2024,69
Ghana,GHA,Dem. Rep. of the Congo,COD,Refugees,"UNHCR, Government",31/08/2024,69
Ghana,GHA,Eritrea,ERI,Refugees,"UNHCR, Government",31/05/2024,136
Ghana,GHA,Eritrea,ERI,Refugees,"UNHCR, Government",31/07/2024,138
Ghana,GHA,Eritrea,ERI,Refugees,"UNHCR, Government",31/08/2024,138
Ghana,GHA,Liberia,LBR,Refugees,"UNHCR, Government",31/05/2024,628
Ghana,GHA,Liberia,LBR,Refugees,"UNHCR, Government",31/07/2024,629
Ghana,GHA,Liberia,LBR,Refugees,"UNHCR, Government",31/08/2024,629
Ghana,GHA,Rwanda,RWA,Refugees,"UNHCR, Government",31/05/2024,27
Ghana,GHA,Rwanda,RWA,Refugees,"UNHCR, Government",31/07/2024,27
Ghana,GHA,Rwanda,RWA,Refugees,"UNHCR, Government",31/08/2024,27
Ghana,GHA,Sierra Leone,SLE,Refugees,"UNHCR, Government",31/05/2024,86
Ghana,GHA,Sierra Leone,SLE,Refugees,"UNHCR, Government",31/07/2024,87
Ghana,GHA,Sierra Leone,SLE,Refugees,"UNHCR, Government",31/08/2024,87
Ghana,GHA,Somalia,SOM,Refugees,"UNHCR, Government",31/05/2024,99
Ghana,GHA,Somalia,SOM,Refugees,"UNHCR, Government",31/07/2024,99
Ghana,GHA,Somalia,SOM,Refugees,"UNHCR, Government",31/08/2024,94
Ghana,GHA,Sudan,SDN,Refugees,"UNHCR, Government",31/05/2024,554
Ghana,GHA,Sudan,SDN,Refugees,"UNHCR, Government",31/07/2024,554
Ghana,GHA,Sudan,SDN,Refugees,"UNHCR, Government",31/08/2024,555
Ghana,GHA,Syrian Arab Rep.,SYR,Refugees,"UNHCR, Government",31/05/2024,276
Ghana,GHA,Syrian Arab Rep.,SYR,Refugees,"UNHCR, Government",31/07/2024,276
Ghana,GHA,Syrian Arab Rep.,SYR,Refugees,"UNHCR, Government",31/08/2024,276
Ghana,GHA,Togo,TGO,Refugees,"UNHCR, Government",31/05/2024,3394
Ghana,GHA,Togo,TGO,Refugees,"UNHCR, Government",31/07/2024,3404
Ghana,GHA,Togo,TGO,Refugees,"UNHCR, Government",30/09/2024,3404
Ghana,GHA,Various,,Asylum-Seekers,"UNHCR, Government",31/05/2024,16950
Ghana,GHA,Various,,Asylum-Seekers,"UNHCR, Government",30/06/2024,17023
Ghana,GHA,Various,,Asylum-Seekers,"UNHCR, Government",31/07/2024,6240
Ghana,GHA,Various,,Asylum-Seekers,"UNHCR, Government",30/09/2024,5941
Guinea,GIN,Central African Rep.,CAF,Refugees,"UNHCR, Government",31/05/2024,36
Guinea,GIN,Central African Rep.,CAF,Refugees,"UNHCR, Government",30/06/2024,36
Guinea,GIN,Central African Rep.,CAF,Refugees,"UNHCR, Government",31/07/2024,36
Guinea,GIN,Central African Rep.,CAF,Refugees,"UNHCR, Government",30/09/2024,36
Guinea,GIN,Central African Rep.,CAF,Refugees,"UNHCR, Government",31/10/2024,36
Guinea,GIN,Central African Rep.,CAF,Refugees,"UNHCR, Government",30/11/2024,36
Guinea,GIN,Congo,COG,Refugees,"UNHCR, Government",31/05/2024,11
Guinea,GIN,Congo,COG,Refugees,"UNHCR, Government",30/06/2024,11
Guinea,GIN,Congo,COG,Refugees,"UNHCR, Government",31/07/2024,11
Guinea,GIN,Congo,COG,Refugees,"UNHCR, Government",30/09/2024,11
Guinea,GIN,Congo,COG,Refugees,"UNHCR, Government",31/10/2024,11
Guinea,GIN,Congo,COG,Refugees,"UNHCR, Government",30/11/2024,11
Guinea,GIN,Côte d'Ivoire,CIV,Refugees,"UNHCR, Government",31/05/2024,22
Guinea,GIN,Côte d'Ivoire,CIV,Refugees,"UNHCR, Government",30/06/2024,22
Guinea,GIN,Côte d'Ivoire,CIV,Refugees,"UNHCR, Government",31/07/2024,22
Guinea,GIN,Côte d'Ivoire,CIV,Refugees,"UNHCR, Government",30/09/2024,22
Guinea,GIN,Côte d'Ivoire,CIV,Refugees,"UNHCR, Government",31/10/2024,22
Guinea,GIN,Côte d'Ivoire,CIV,Refugees,"UNHCR, Government",30/11/2024,22
Guinea,GIN,Dem. Rep. of the Congo,COD,Refugees,"UNHCR, Government",31/05/2024,54
Guinea,GIN,Dem. Rep. of the Congo,COD,Refugees,"UNHCR, Government",30/06/2024,54
Guinea,GIN,Dem. Rep. of the Congo,COD,Refugees,"UNHCR, Government",31/07/2024,54
Guinea,GIN,Dem. Rep. of the Congo,COD,Refugees,"UNHCR, Government",30/09/2024,54
Guinea,GIN,Dem. Rep. of the Congo,COD,Refugees,"UNHCR, Government",31/10/2024,54
Guinea,GIN,Dem. Rep. of the Congo,COD,Refugees,"UNHCR, Government",30/11/2024,54
Guinea,GIN,Liberia,LBR,Refugees,"UNHCR, Government",31/05/2024,318
Guinea,GIN,Liberia,LBR,Refugees,"UNHCR, Government",30/06/2024,318
Guinea,GIN,Liberia,LBR,Refugees,"UNHCR, Government",31/07/2024,318
Guinea,GIN,Liberia,LBR,Refugees,"UNHCR, Government",30/09/2024,318
Guinea,GIN,Liberia,LBR,Refugees,"UNHCR, Government",31/10/2024,309
Guinea,GIN,Liberia,LBR,Refugees,"UNHCR, Government",30/11/2024,309
Guinea,GIN,Mali,MLI,Refugees,"UNHCR, Government",31/05/2024,9
Guinea,GIN,Mali,MLI,Refugees,"UNHCR, Government",30/06/2024,9
Guinea,GIN,Mali,MLI,Refugees,"UNHCR, Government",31/07/2024,9
Guinea,GIN,Mali,MLI,Refugees,"UNHCR, Government",30/09/2024,9
Guinea,GIN,Mali,MLI,Refugees,"UNHCR, Government",31/10/2024,9
Guinea,GIN,Mali,MLI,Refugees,"UNHCR, Government",30/11/2024,9
Guinea,GIN,Nigeria,NGA,Refugees,"UNHCR, Government",31/05/2024,10
Guinea,GIN,Nigeria,NGA,Refugees,"UNHCR, Government",30/06/2024,10
Guinea,GIN,Nigeria,NGA,Refugees,"UNHCR, Government",31/07/2024,10
Guinea,GIN,Nigeria,NGA,Refugees,"UNHCR, Government",30/09/2024,10
Guinea,GIN,Nigeria,NGA,Refugees,"UNHCR, Government",31/10/2024,10
Guinea,GIN,Nigeria,NGA,Refugees,"UNHCR, Government",30/11/2024,10
Guinea,GIN,Rwanda,RWA,Refugees,"UNHCR, Government",31/05/2024,10
Guinea,GIN,Rwanda,RWA,Refugees,"UNHCR, Government",30/06/2024,10
Guinea,GIN,Rwanda,RWA,Refugees,"UNHCR, Government",31/07/2024,10
Guinea,GIN,Rwanda,RWA,Refugees,"UNHCR, Government",30/09/2024,10
Guinea,GIN,Rwanda,RWA,Refugees,"UNHCR, Government",31/10/2024,10
Guinea,GIN,Rwanda,RWA,Refugees,"UNHCR, Government",30/11/2024,10
Guinea,GIN,Sierra Leone,SLE,Refugees,"UNHCR, Government",31/05/2024,1650
Guinea,GIN,Sierra Leone,SLE,Refugees,"UNHCR, Government",30/06/2024,1650
Guinea,GIN,Sierra Leone,SLE,Refugees,"UNHCR, Government",31/07/2024,1650
Guinea,GIN,Sierra Leone,SLE,Refugees,"UNHCR, Government",30/09/2024,1650
Guinea,GIN,Sierra Leone,SLE,Refugees,"UNHCR, Government",31/10/2024,1650
Guinea,GIN,Sierra Leone,SLE,Refugees,"UNHCR, Government",30/11/2024,1650
Guinea,GIN,Syrian Arab Rep.,SYR,Refugees,"UNHCR, Government",31/05/2024,14
Guinea,GIN,Syrian Arab Rep.,SYR,Refugees,"UNHCR, Government",30/06/2024,14
Guinea,GIN,Syrian Arab Rep.,SYR,Refugees,"UNHCR, Government",31/07/2024,14
Guinea,GIN,Syrian Arab Rep.,SYR,Refugees,"UNHCR, Government",30/09/2024,14
Guinea,GIN,Syrian Arab Rep.,SYR,Refugees,"UNHCR, Government",31/10/2024,14
Guinea,GIN,Syrian Arab Rep.,SYR,Refugees,"UNHCR, Government",30/11/2024,14
Guinea,GIN,Various,,Asylum-Seekers,"UNHCR, Government",31/05/2024,110
Guinea,GIN,Various,,Asylum-Seekers,"UNHCR, Government",30/06/2024,110
Guinea,GIN,Various,,Asylum-Seekers,"UNHCR, Government",31/07/2024,110
Guinea,GIN,Various,,Asylum-Seekers,"UNHCR, Government",30/09/2024,110
Guinea,GIN,Various,,Asylum-Seekers,"UNHCR, Government",31/10/2024,173
Guinea,GIN,Various,,Asylum-Seekers,"UNHCR, Government",30/11/2024,173
Gambia,GMB,Côte d'Ivoire,CIV,Refugees,"Government, UNHCR",28/02/2023,0
Gambia,GMB,Dem. Rep. of the Congo,COD,Refugees,"Government, UNHCR",31/05/2024,52
Gambia,GMB,Dem. Rep. of the Congo,COD,Refugees,"Government, UNHCR",30/06/2024,53
Gambia,GMB,Dem. Rep. of the Congo,COD,Refugees,"Government, UNHCR",31/07/2024,53
Gambia,GMB,Dem. Rep. of the Congo,COD,Refugees,"Government, UNHCR",31/10/2024,54
Gambia,GMB,Dem. Rep. of the Congo,COD,Refugees,"Government, UNHCR",30/11/2024,55
Gambia,GMB,Senegal,SEN,Refugees,"Government, UNHCR",31/05/2024,3664
Gambia,GMB,Senegal,SEN,Refugees,"Government, UNHCR",30/06/2024,3661
Gambia,GMB,Senegal,SEN,Refugees,"Government, UNHCR",31/07/2024,3628
Gambia,GMB,Senegal,SEN,Refugees,"Government, UNHCR",30/09/2024,3676
Gambia,GMB,Senegal,SEN,Refugees,"Government, UNHCR",31/10/2024,3680
Gambia,GMB,Senegal,SEN,Refugees,"Government, UNHCR",30/11/2024,3717
Gambia,GMB,Sierra Leone,SLE,Refugees,"Government, UNHCR",31/05/2024,99
Gambia,GMB,Sierra Leone,SLE,Refugees,"Government, UNHCR",30/06/2024,99
Gambia,GMB,Sierra Leone,SLE,Refugees,"Government, UNHCR",31/07/2024,100
Gambia,GMB,Sierra Leone,SLE,Refugees,"Government, UNHCR",30/09/2024,100
Gambia,GMB,Sierra Leone,SLE,Refugees,"Government, UNHCR",31/10/2024,100
Gambia,GMB,Sierra Leone,SLE,Refugees,"Government, UNHCR",30/11/2024,100
Gambia,GMB,Various,,Asylum-Seekers,"Government, UNHCR",31/05/2024,488
Gambia,GMB,Various,,Asylum-Seekers,"Government, UNHCR",30/06/2024,497
Gambia,GMB,Various,,Asylum-Seekers,"Government, UNHCR",31/07/2024,501
Gambia,GMB,Various,,Asylum-Seekers,"Government, UNHCR",30/09/2024,533
Gambia,GMB,Various,,Asylum-Seekers,"Government, UNHCR",31/10/2024,548
Gambia,GMB,Various,,Asylum-Seekers,"Government, UNHCR",30/11/2024,544
Guinea-Bissau,GNB,Senegal,SEN,Refugees,"UNHCR, Government",31/07/2022,0
Guinea-Bissau,GNB,Various,,Asylum-Seekers,"UNHCR, Government",31/05/2024,69
Guinea-Bissau,GNB,Various,,Asylum-Seekers,"UNHCR, Government",30/06/2024,69
Guinea-Bissau,GNB,Various,,Asylum-Seekers,"UNHCR, Government",31/07/2024,69
Guinea-Bissau,GNB,Various,,Asylum-Seekers,"UNHCR, Government",30/09/2024,69
Guinea-Bissau,GNB,Various,,Asylum-Seekers,"UNHCR, Government",31/10/2024,69
Guinea-Bissau,GNB,Various,,Asylum-Seekers,"UNHCR, Government",30/11/2024,69
Kenya,KEN,Burundi,BDI,Asylum-Seekers,"UNHCR, Government",30/06/2024,32141
Kenya,KEN,Burundi,BDI,Asylum-Seekers,"UNHCR, Government",31/07/2024,32324
Kenya,KEN,Burundi,BDI,Asylum-Seekers,"UNHCR, Government",31/08/2024,32149
Kenya,KEN,Burundi,BDI,Asylum-Seekers,"UNHCR, Government",30/09/2024,39375
Kenya,KEN,Burundi,BDI,Asylum-Seekers,"UNHCR, Government",31/10/2024,32331
Kenya,KEN,Burundi,BDI,Asylum-Seekers,"UNHCR, Government",30/11/2024,32556
Kenya,KEN,Dem. Rep. of the Congo,COD,Asylum-Seekers,"UNHCR, Government",30/06/2024,60947
Kenya,KEN,Dem. Rep. of the Congo,COD,Asylum-Seekers,"UNHCR, Government",31/07/2024,61295
Kenya,KEN,Dem. Rep. of the Congo,COD,Asylum-Seekers,"UNHCR, Government",31/08/2024,61762
Kenya,KEN,Dem. Rep. of the Congo,COD,Asylum-Seekers,"UNHCR, Government",30/09/2024,319338
Kenya,KEN,Dem. Rep. of the Congo,COD,Refugees,"UNHCR, Government",31/10/2024,62637
Kenya,KEN,Dem. Rep. of the Congo,COD,Asylum-Seekers,"UNHCR, Government",30/11/2024,62970
Kenya,KEN,Dem. Rep. of the Congo,COD,Refugees,"UNHCR, Government",30/11/2024,62970
Kenya,KEN,Eritrea,ERI,Asylum-Seekers,"UNHCR, Government",28/02/2021,0
Kenya,KEN,Eritrea,ERI,Refugees,"UNHCR, Government",28/02/2021,0
Kenya,KEN,Ethiopia,ETH,Refugees,"UNHCR, Government",30/06/2024,39565
Kenya,KEN,Ethiopia,ETH,Asylum-Seekers,"UNHCR, Government",30/06/2024,39565
Kenya,KEN,Ethiopia,ETH,Refugees,"UNHCR, Government",31/07/2024,39958
Kenya,KEN,Ethiopia,ETH,Asylum-Seekers,"UNHCR, Government",31/08/2024,40450
Kenya,KEN,Ethiopia,ETH,Asylum-Seekers,"UNHCR, Government",30/09/2024,34334
Kenya,KEN,Ethiopia,ETH,Refugees,"UNHCR, Government",31/10/2024,41321
Kenya,KEN,Ethiopia,ETH,Asylum-Seekers,"UNHCR, Government",30/11/2024,41872
Kenya,KEN,Others,,Asylum-Seekers,"UNHCR, Government",30/06/2024,7994
Kenya,KEN,Others,,Refugees,"UNHCR, Government",30/06/2024,7994
Kenya,KEN,Others,,Refugees,"UNHCR, Government",31/07/2024,8133
Kenya,KEN,Others,,Asylum-Seekers,"UNHCR, Government",31/07/2024,8133
Kenya,KEN,Others,,Asylum-Seekers,"UNHCR, Government",31/08/2024,8210
Kenya,KEN,Others,,Asylum-Seekers,"UNHCR, Government",30/09/2024,8326
Kenya,KEN,Others,,Refugees,"UNHCR, Government",31/10/2024,8359
Kenya,KEN,Others,,Asylum-Seekers,"UNHCR, Government",31/10/2024,8359
Kenya,KEN,Others,,Refugees,"UNHCR, Government",30/11/2024,8543
Kenya,KEN,Rwanda,RWA,Asylum-Seekers,"UNHCR, Government",28/02/2021,0
Kenya,KEN,Rwanda,RWA,Refugees,"UNHCR, Government",28/02/2021,0
Kenya,KEN,Somalia,SOM,Asylum-Seekers,"UNHCR, Government",30/06/2024,435183
Kenya,KEN,Somalia,SOM,Asylum-Seekers,"UNHCR, Government",31/07/2024,437609
Kenya,KEN,Somalia,SOM,Asylum-Seekers,"UNHCR, Government",31/08/2024,448750
Kenya,KEN,Somalia,SOM,Refugees,"UNHCR, Government",30/09/2024,197218
Kenya,KEN,Somalia,SOM,Refugees,"UNHCR, Government",31/10/2024,461028
Kenya,KEN,Somalia,SOM,Refugees,"UNHCR, Government",30/11/2024,465631
Kenya,KEN,South Sudan,SSD,Asylum-Seekers,"UNHCR, Government",30/06/2024,185813
Kenya,KEN,South Sudan,SSD,Asylum-Seekers,"UNHCR, Government",31/07/2024,187444
Kenya,KEN,South Sudan,SSD,Refugees,"UNHCR, Government",31/08/2024,188971
Kenya,KEN,South Sudan,SSD,Asylum-Seekers,"UNHCR, Government",30/09/2024,189987
Kenya,KEN,South Sudan,SSD,Refugees,"UNHCR, Government",31/10/2024,191230
Kenya,KEN,South Sudan,SSD,Refugees,"UNHCR, Government",30/11/2024,192080
Kenya,KEN,Sudan,SDN,Asylum-Seekers,"UNHCR, Government",30/06/2024,11678
Kenya,KEN,Sudan,SDN,Refugees,"UNHCR, Government",30/06/2024,11678
Kenya,KEN,Sudan,SDN,Asylum-Seekers,"UNHCR, Government",31/07/2024,11824
Kenya,KEN,Sudan,SDN,Asylum-Seekers,"UNHCR, Government",31/08/2024,11913
Kenya,KEN,Sudan,SDN,Refugees,"UNHCR, Government",31/08/2024,11913
Kenya,KEN,Sudan,SDN,Asylum-Seekers,"UNHCR, Government",30/09/2024,11985
Kenya,KEN,Sudan,SDN,Asylum-Seekers,"UNHCR, Government",31/10/2024,12014
Kenya,KEN,Sudan,SDN,Refugees,"UNHCR, Government",31/10/2024,12014
Kenya,KEN,Sudan,SDN,Asylum-Seekers,"UNHCR, Government",30/11/2024,12026
Kenya,KEN,Uganda,UGA,Asylum-Seekers,"UNHCR, Government",30/06/2024,4033
Kenya,KEN,Uganda,UGA,Asylum-Seekers,"UNHCR, Government",31/07/2024,3881
Kenya,KEN,Uganda,UGA,Asylum-Seekers,"UNHCR, Government",31/08/2024,3928
Kenya,KEN,Uganda,UGA,Asylum-Seekers,"UNHCR, Government",30/09/2024,3932
Kenya,KEN,Uganda,UGA,Asylum-Seekers,"UNHCR, Government",31/10/2024,3990
Kenya,KEN,Uganda,UGA,Asylum-Seekers,"UNHCR, Government",30/11/2024,4008
Liberia,LBR,Côte d'Ivoire,CIV,Refugees,"UNHCR, Government",31/05/2024,1517
Liberia,LBR,Côte d'Ivoire,CIV,Refugees,"UNHCR, Government",31/07/2024,1517
Liberia,LBR,Côte d'Ivoire,CIV,Refugees,"UNHCR, Government",30/09/2024,1517
Liberia,LBR,Sierra Leone,SLE,Refugees,"UNHCR, Government",30/06/2020,0
Liberia,LBR,Various,,Refugees,"UNHCR, Government",31/05/2024,313
Liberia,LBR,Various,,Refugees,"UNHCR, Government",31/07/2024,313
Liberia,LBR,Various,,Refugees,"UNHCR, Government",30/09/2024,327
Mali,MLI,Burkina Faso,BFA,Refugees,"UNHCR, Government",30/06/2024,56043
Mali,MLI,Burkina Faso,BFA,Refugees,"UNHCR, Government",31/07/2024,55364
Mali,MLI,Burkina Faso,BFA,Refugees,"UNHCR, Government",31/08/2024,71174
Mali,MLI,Burkina Faso,BFA,Refugees,"UNHCR, Government",30/09/2024,82590
Mali,MLI,Burkina Faso,BFA,Refugees,"UNHCR, Government",30/10/2024,82618
Mali,MLI,Burkina Faso,BFA,Refugees,"UNHCR, Government",30/11/2024,85940
Mali,MLI,Central African Rep.,CAF,Refugees,"UNHCR, Government",30/06/2024,1321
Mali,MLI,Central African Rep.,CAF,Refugees,"UNHCR, Government",31/07/2024,1098
Mali,MLI,Central African Rep.,CAF,Refugees,"UNHCR, Government",31/08/2024,1326
Mali,MLI,Central African Rep.,CAF,Refugees,"UNHCR, Government",30/09/2024,1336
Mali,MLI,Central African Rep.,CAF,Refugees,"UNHCR, Government",30/10/2024,1355
Mali,MLI,Central African Rep.,CAF,Refugees,"UNHCR, Government",30/11/2024,1376
Mali,MLI,Congo,COG,Refugees,"UNHCR, Government",30/06/2024,54
Mali,MLI,Congo,COG,Refugees,"UNHCR, Government",31/07/2024,25
Mali,MLI,Congo,COG,Refugees,"UNHCR, Government",31/08/2024,54
Mali,MLI,Congo,COG,Refugees,"UNHCR, Government",30/09/2024,54
Mali,MLI,Congo,COG,Refugees,"UNHCR, Government",30/10/2024,54
Mali,MLI,Congo,COG,Refugees,"UNHCR, Government",30/11/2024,54
Mali,MLI,Côte d'Ivoire,CIV,Refugees,"UNHCR, Government",30/06/2024,0
Mali,MLI,Côte d'Ivoire,CIV,Refugees,"UNHCR, Government",31/07/2024,0
Mali,MLI,Côte d'Ivoire,CIV,Refugees,"UNHCR, Government",31/08/2024,0
Mali,MLI,Côte d'Ivoire,CIV,Refugees,"UNHCR, Government",30/09/2024,0
Mali,MLI,Côte d'Ivoire,CIV,Refugees,"UNHCR, Government",30/10/2024,0
Mali,MLI,Côte d'Ivoire,CIV,Refugees,"UNHCR, Government",30/11/2024,0
Mali,MLI,Dem. Rep. of the Congo,COD,Refugees,"UNHCR, Government",30/06/2024,288
Mali,MLI,Dem. Rep. of the Congo,COD,Refugees,"UNHCR, Government",31/07/2024,164
Mali,MLI,Dem. Rep. of the Congo,COD,Refugees,"UNHCR, Government",31/08/2024,294
Mali,MLI,Dem. Rep. of the Congo,COD,Refugees,"UNHCR, Government",30/09/2024,294
Mali,MLI,Dem. Rep. of the Congo,COD,Refugees,"UNHCR, Government",30/10/2024,296
Mali,MLI,Dem. Rep. of the Congo,COD,Refugees,"UNHCR, Government",30/11/2024,296
Mali,MLI,Mauritania,MRT,Refugees,"UNHCR, Government",30/06/2024,14984
Mali,MLI,Mauritania,MRT,Refugees,"UNHCR, Government",31/07/2024,12769
Mali,MLI,Mauritania,MRT,Refugees,"UNHCR, Government",31/08/2024,14986
Mali,MLI,Mauritania,MRT,Refugees,"UNHCR, Government",30/09/2024,14988
Mali,MLI,Mauritania,MRT,Refugees,"UNHCR, Government",30/10/2024,14991
Mali,MLI,Mauritania,MRT,Refugees,"UNHCR, Government",30/11/2024,15002
Mali,MLI,Niger,NER,Refugees,"UNHCR, Government",30/06/2024,22578
Mali,MLI,Niger,NER,Refugees,"UNHCR, Government",31/07/2024,23183
Mali,MLI,Niger,NER,Refugees,"UNHCR, Government",01/08/2024,23183
Mali,MLI,Niger,NER,Refugees,"UNHCR, Government",31/08/2024,23468
Mali,MLI,Niger,NER,Refugees,"UNHCR, Government",30/09/2024,23553
Mali,MLI,Niger,NER,Refugees,"UNHCR, Government",30/10/2024,23553
Mali,MLI,Niger,NER,Refugees,"UNHCR, Government",30/11/2024,24989
Mali,MLI,Others,,Refugees,"UNHCR, Government",30/06/2024,177
Mali,MLI,Others,,Refugees,"UNHCR, Government",31/07/2024,151
Mali,MLI,Others,,Refugees,"UNHCR, Government",31/08/2024,177
Mali,MLI,Others,,Refugees,"UNHCR, Government",30/09/2024,177
Mali,MLI,Others,,Refugees,"UNHCR, Government",30/10/2024,177
Mali,MLI,Others,,Refugees,"UNHCR, Government",30/11/2024,181
Mali,MLI,Various,,Asylum-Seekers,"UNHCR, Government",30/06/2024,233
Mali,MLI,Various,,Asylum-Seekers,"UNHCR, Government",31/07/2024,229
Mali,MLI,Various,,Asylum-Seekers,"UNHCR, Government",31/08/2024,251
Mali,MLI,Various,,Asylum-Seekers,"UNHCR, Government",30/09/2024,287
Mali,MLI,Various,,Asylum-Seekers,"UNHCR, Government",30/10/2024,295
Mali,MLI,Various,,Asylum-Seekers,"UNHCR, Government",30/10/2024,294
Mali,MLI,Various,,Asylum-Seekers,"UNHCR, Government",30/11/2024,296
Mozambique,MOZ,Burundi,BDI,Refugees,"UNHCR, Government",31/05/2024,8420
Mozambique,MOZ,Burundi,BDI,Refugees,"UNHCR, Government",30/06/2024,8557
Mozambique,MOZ,Burundi,BDI,Refugees,"UNHCR, Government",30/09/2024,8565
Mozambique,MOZ,Burundi,BDI,Refugees,"UNHCR, Government",31/10/2024,8452
Mozambique,MOZ,Burundi,BDI,Refugees,"UNHCR, Government",30/11/2024,8485
Mozambique,MOZ,Côte d'Ivoire,CIV,Refugees,"UNHCR, Government",31/05/2024,396
Mozambique,MOZ,Côte d'Ivoire,CIV,Refugees,"UNHCR, Government",30/06/2024,404
Mozambique,MOZ,Côte d'Ivoire,CIV,Refugees,"UNHCR, Government",30/09/2024,428
Mozambique,MOZ,Côte d'Ivoire,CIV,Refugees,"UNHCR, Government",31/10/2024,426
Mozambique,MOZ,Côte d'Ivoire,CIV,Refugees,"UNHCR, Government",30/11/2024,425
Mozambique,MOZ,Dem. Rep. of the Congo,COD,Refugees,"UNHCR, Government",31/05/2024,9492
Mozambique,MOZ,Dem. Rep. of the Congo,COD,Refugees,"UNHCR, Government",30/06/2024,9509
Mozambique,MOZ,Dem. Rep. of the Congo,COD,Refugees,"UNHCR, Government",30/09/2024,9480
Mozambique,MOZ,Dem. Rep. of the Congo,COD,Refugees,"UNHCR, Government",31/10/2024,9269
Mozambique,MOZ,Dem. Rep. of the Congo,COD,Refugees,"UNHCR, Government",30/11/2024,9278
Mozambique,MOZ,Others,,Refugees,"UNHCR, Government",31/05/2024,163
Mozambique,MOZ,Others,,Refugees,"UNHCR, Government",30/06/2024,164
Mozambique,MOZ,Others,,Refugees,"UNHCR, Government",30/09/2024,163
Mozambique,MOZ,Others,,Refugees,"UNHCR, Government",31/10/2024,162
Mozambique,MOZ,Others,,Refugees,"UNHCR, Government",30/11/2024,163
Mozambique,MOZ,Rwanda,RWA,Refugees,"UNHCR, Government",31/05/2024,3440
Mozambique,MOZ,Rwanda,RWA,Refugees,"UNHCR, Government",30/06/2024,3502
Mozambique,MOZ,Rwanda,RWA,Refugees,"UNHCR, Government",30/09/2024,3503
Mozambique,MOZ,Rwanda,RWA,Refugees,"UNHCR, Government",31/10/2024,3501
Mozambique,MOZ,Rwanda,RWA,Refugees,"UNHCR, Government",30/11/2024,3503
Mozambique,MOZ,Somalia,SOM,Refugees,"UNHCR, Government",31/05/2024,2096
Mozambique,MOZ,Somalia,SOM,Refugees,"UNHCR, Government",30/06/2024,2162
Mozambique,MOZ,Somalia,SOM,Refugees,"UNHCR, Government",30/09/2024,2162
Mozambique,MOZ,Somalia,SOM,Refugees,"UNHCR, Government",31/10/2024,2164
Mozambique,MOZ,Somalia,SOM,Refugees,"UNHCR, Government",30/11/2024,2216
Malawi,MWI,Burundi,BDI,Refugees,"UNHCR, Government",31/05/2024,11821
Malawi,MWI,Burundi,BDI,Refugees,"UNHCR, Government",30/06/2024,11913
Malawi,MWI,Burundi,BDI,Refugees,"UNHCR, Government",30/09/2024,12204
Malawi,MWI,Burundi,BDI,Refugees,"UNHCR, Government",31/10/2024,12291
Malawi,MWI,Burundi,BDI,Refugees,"UNHCR, Government",30/11/2024,12380
Malawi,MWI,Mozambique,MOZ,Asylum-Seekers,"UNHCR, Government",31/05/2024,35
Malawi,MWI,Mozambique,MOZ,Asylum-Seekers,"UNHCR, Government",30/06/2024,35
Malawi,MWI,Mozambique,MOZ,Asylum-Seekers,"UNHCR, Government",30/09/2024,35
Malawi,MWI,Mozambique,MOZ,Asylum-Seekers,"UNHCR, Government",31/10/2024,35
Malawi,MWI,Mozambique,MOZ,Asylum-Seekers,"UNHCR, Government",30/11/2024,35
Malawi,MWI,Others,,Refugees,"UNHCR, Government",31/05/2024,35448
Malawi,MWI,Others,,Refugees,"UNHCR, Government",30/06/2024,35642
Malawi,MWI,Others,,Refugees,"UNHCR, Government",30/09/2024,36611
Malawi,MWI,Others,,Refugees,"UNHCR, Government",31/10/2024,36867
Malawi,MWI,Others,,Refugees,"UNHCR, Government",30/11/2024,37090
Malawi,MWI,Rwanda,RWA,Refugees,"UNHCR, Government",31/05/2024,6836
Malawi,MWI,Rwanda,RWA,Refugees,"UNHCR, Government",30/06/2024,6883
Malawi,MWI,Rwanda,RWA,Refugees,"UNHCR, Government",30/09/2024,6975
Malawi,MWI,Rwanda,RWA,Refugees,"UNHCR, Government",31/10/2024,7015
Malawi,MWI,Rwanda,RWA,Refugees,"UNHCR, Government",30/11/2024,7040
Malawi,MWI,Various,,Refugees,"UNHCR, Government",06/03/2019,0
Niger,NER,Central African Rep.,CAF,Refugees,"UNHCR, Government",30/04/2020,0
Niger,NER,Chad,TCD,Refugees,"UNHCR, Government",30/04/2020,0
Niger,NER,Côte d'Ivoire,CIV,Refugees,"UNHCR, Government",30/04/2020,0
Niger,NER,Dem. Rep. of the Congo,COD,Refugees,"UNHCR, Government",30/04/2020,0
Niger,NER,Mali,MLI,Refugees,"UNHCR, Government",31/05/2024,130397
Niger,NER,Mali,MLI,Refugees,"UNHCR, Government",30/06/2024,124366
Niger,NER,Mali,MLI,Refugees,"UNHCR, Government",31/07/2024,124877
Niger,NER,Mali,MLI,Refugees,"UNHCR, Government",31/08/2024,125616
Niger,NER,Mali,MLI,Refugees,"UNHCR, Government",31/10/2024,126084
Niger,NER,Mali,MLI,Refugees,"UNHCR, Government",30/11/2024,124708
Niger,NER,Nigeria,NGA,Asylum-Seekers,"UNHCR, Government",31/05/2024,232878
Niger,NER,Nigeria,NGA,Asylum-Seekers,"UNHCR, Government",30/06/2024,236633
Niger,NER,Nigeria,NGA,Asylum-Seekers,"UNHCR, Government",31/07/2024,236631
Niger,NER,Nigeria,NGA,Asylum-Seekers,"UNHCR, Government",31/07/2024,237715
Niger,NER,Nigeria,NGA,Asylum-Seekers,"UNHCR, Government",31/08/2024,237717
Niger,NER,Nigeria,NGA,Asylum-Seekers,"UNHCR, Government",31/08/2024,237987
Niger,NER,Nigeria,NGA,Asylum-Seekers,"UNHCR, Government",31/10/2024,247393
Niger,NER,Nigeria,NGA,Asylum-Seekers,"UNHCR, Government",30/11/2024,252996
Niger,NER,Various,,Asylum-Seekers,"UNHCR, Government",31/05/2024,47993
Niger,NER,Various,,Asylum-Seekers,"UNHCR, Government",30/06/2024,50335
Niger,NER,Various,,Asylum-Seekers,"UNHCR, Government",31/07/2024,51314
Niger,NER,Various,,Asylum-Seekers,"UNHCR, Government",31/08/2024,51598
Niger,NER,Various,,Asylum-Seekers,"UNHCR, Government",31/10/2024,53943
Niger,NER,Various,,Asylum-Seekers,"UNHCR, Government",30/11/2024,54649
Nigeria,NGA,Cameroon,CMR,Refugees,"UNHCR, Government",31/05/2024,67547
Nigeria,NGA,Cameroon,CMR,Refugees,"UNHCR, Government",30/06/2024,69481
Nigeria,NGA,Cameroon,CMR,Refugees,"UNHCR, Government",31/07/2024,69787
Nigeria,NGA,Cameroon,CMR,Refugees,"UNHCR, Government",01/11/2024,73833
Nigeria,NGA,Cameroon,CMR,Refugees,"UNHCR, Government",01/12/2024,74368
Nigeria,NGA,Central African Rep.,CAF,Refugees,"UNHCR, Government",31/05/2024,940
Nigeria,NGA,Central African Rep.,CAF,Refugees,"UNHCR, Government",30/06/2024,940
Nigeria,NGA,Central African Rep.,CAF,Refugees,"UNHCR, Government",31/07/2024,941
Nigeria,NGA,Central African Rep.,CAF,Refugees,"UNHCR, Government",01/11/2024,981
Nigeria,NGA,Central African Rep.,CAF,Refugees,"UNHCR, Government",01/12/2024,981
Nigeria,NGA,Chad,TCD,Refugees,"UNHCR, Government",31/05/2024,54
Nigeria,NGA,Chad,TCD,Refugees,"UNHCR, Government",30/06/2024,55
Nigeria,NGA,Chad,TCD,Refugees,"UNHCR, Government",31/07/2024,55
Nigeria,NGA,Chad,TCD,Refugees,"UNHCR, Government",01/11/2024,59
Nigeria,NGA,Chad,TCD,Refugees,"UNHCR, Government",01/12/2024,59
Nigeria,NGA,Côte d'Ivoire,CIV,Refugees,"UNHCR, Government",31/05/2024,54
Nigeria,NGA,Côte d'Ivoire,CIV,Refugees,"UNHCR, Government",30/06/2024,54
Nigeria,NGA,Côte d'Ivoire,CIV,Refugees,"UNHCR, Government",31/07/2024,54
Nigeria,NGA,Côte d'Ivoire,CIV,Refugees,"UNHCR, Government",01/11/2024,54
Nigeria,NGA,Côte d'Ivoire,CIV,Refugees,"UNHCR, Government",01/12/2024,55
Nigeria,NGA,Dem. Rep. of the Congo,COD,Refugees,"UNHCR, Government",31/05/2024,536
Nigeria,NGA,Dem. Rep. of the Congo,COD,Refugees,"UNHCR, Government",30/06/2024,538
Nigeria,NGA,Dem. Rep. of the Congo,COD,Refugees,"UNHCR, Government",31/07/2024,535
Nigeria,NGA,Dem. Rep. of the Congo,COD,Refugees,"UNHCR, Government",01/11/2024,539
Nigeria,NGA,Dem. Rep. of the Congo,COD,Refugees,"UNHCR, Government",01/12/2024,539
Nigeria,NGA,Mali,MLI,Refugees,"UNHCR, Government",31/05/2024,81
Nigeria,NGA,Mali,MLI,Refugees,"UNHCR, Government",30/06/2024,82
Nigeria,NGA,Mali,MLI,Refugees,"UNHCR, Government",31/07/2024,82
Nigeria,NGA,Mali,MLI,Refugees,"UNHCR, Government",01/11/2024,84
Nigeria,NGA,Mali,MLI,Refugees,"UNHCR, Government",01/12/2024,84
Nigeria,NGA,Niger,NER,Refugees,"UNHCR, Government",31/05/2024,1438
Nigeria,NGA,Niger,NER,Refugees,"UNHCR, Government",30/06/2024,1438
Nigeria,NGA,Niger,NER,Refugees,"UNHCR, Government",31/07/2024,1438
Nigeria,NGA,Niger,NER,Refugees,"UNHCR, Government",01/11/2024,1438
Nigeria,NGA,Niger,NER,Refugees,"UNHCR, Government",01/12/2024,13438
Nigeria,NGA,Others,,Refugees,"UNHCR, Government",31/05/2024,17013
Nigeria,NGA,Others,,Refugees,"UNHCR, Government",30/06/2024,18016
Nigeria,NGA,Others,,Refugees,"UNHCR, Government",31/07/2024,34318
Nigeria,NGA,Others,,Refugees,"UNHCR, Government",01/11/2024,31648
Nigeria,NGA,Others,,Refugees,"UNHCR, Government",01/12/2024,31641
Nigeria,NGA,Sudan,SDN,Refugees,"UNHCR, Government",31/05/2024,41
Nigeria,NGA,Sudan,SDN,Refugees,"UNHCR, Government",30/06/2024,42
Nigeria,NGA,Sudan,SDN,Refugees,"UNHCR, Government",31/07/2024,42
Nigeria,NGA,Sudan,SDN,Refugees,"UNHCR, Government",01/11/2024,121
Nigeria,NGA,Sudan,SDN,Refugees,"UNHCR, Government",01/12/2024,121
Nigeria,NGA,Syrian Arab Rep.,SYR,Refugees,"UNHCR, Government",31/05/2024,454
Nigeria,NGA,Syrian Arab Rep.,SYR,Refugees,"UNHCR, Government",30/06/2024,510
Nigeria,NGA,Syrian Arab Rep.,SYR,Refugees,"UNHCR, Government",31/07/2024,516
Nigeria,NGA,Syrian Arab Rep.,SYR,Refugees,"UNHCR, Government",01/11/2024,592
Nigeria,NGA,Syrian Arab Rep.,SYR,Refugees,"UNHCR, Government",01/12/2024,594
Nigeria,NGA,Turkey,TUR,Refugees,"UNHCR, Government",31/05/2024,409
Nigeria,NGA,Turkey,TUR,Refugees,"UNHCR, Government",30/06/2024,416
Nigeria,NGA,Turkey,TUR,Refugees,"UNHCR, Government",31/07/2024,416
Nigeria,NGA,Turkey,TUR,Refugees,"UNHCR, Government",01/11/2024,430
Nigeria,NGA,Turkey,TUR,Refugees,"UNHCR, Government",01/12/2024,430
Rwanda,RWA,Burundi,BDI,Refugees,"UNHCR, Government, MINEMA",30/06/2024,49053
Rwanda,RWA,Burundi,BDI,Asylum-Seekers,"UNHCR, Government, MINEMA",31/07/2024,49191
Rwanda,RWA,Burundi,BDI,Refugees,"UNHCR, Government, MINEMA",31/07/2024,49191
Rwanda,RWA,Burundi,BDI,Refugees,"UNHCR, Government, MINEMA",31/10/2024,49488
Rwanda,RWA,Burundi,BDI,Refugees,"UNHCR, Government, MINEMA",30/11/2024,49569
Rwanda,RWA,Dem. Rep. of the Congo,COD,Asylum-Seekers,"UNHCR, Government, MINEMA",30/06/2024,77969
Rwanda,RWA,Dem. Rep. of the Congo,COD,Refugees,"UNHCR, Government, MINEMA",30/06/2024,77969
Rwanda,RWA,Dem. Rep. of the Congo,COD,Refugees,"UNHCR, Government, MINEMA",31/07/2024,78308
Rwanda,RWA,Dem. Rep. of the Congo,COD,Refugees,"UNHCR, Government, MINEMA",31/10/2024,77725
Rwanda,RWA,Dem. Rep. of the Congo,COD,Asylum-Seekers,"UNHCR, Government, MINEMA",31/10/2024,77725
Rwanda,RWA,Dem. Rep. of the Congo,COD,Asylum-Seekers,"UNHCR, Government, MINEMA",30/11/2024,77886
Rwanda,RWA,Dem. Rep. of the Congo,COD,Refugees,"UNHCR, Government, MINEMA",30/11/2024,77886
Rwanda,RWA,Eritrea,ERI,Refugees,"UNHCR, Government, MINEMA",30/06/2024,321
Rwanda,RWA,Eritrea,ERI,Asylum-Seekers,"UNHCR, Government, MINEMA",30/06/2024,321
Rwanda,RWA,Eritrea,ERI,Asylum-Seekers,"UNHCR, Government, MINEMA",31/07/2024,297
Rwanda,RWA,Eritrea,ERI,Refugees,"UNHCR, Government, MINEMA",31/10/2024,309
Rwanda,RWA,Eritrea,ERI,Refugees,"UNHCR, Government, MINEMA",30/11/2024,260
Rwanda,RWA,Others,,Refugees,"UNHCR, Government, MINEMA",30/06/2024,549
Rwanda,RWA,Others,,Asylum-Seekers,"UNHCR, Government, MINEMA",30/06/2024,549
Rwanda,RWA,Others,,Asylum-Seekers,"UNHCR, Government, MINEMA",31/07/2024,551
Rwanda,RWA,Others,,Asylum-Seekers,"UNHCR, Government, MINEMA",31/10/2024,722
Rwanda,RWA,Others,,Refugees,"UNHCR, Government, MINEMA",30/11/2024,665
Sudan,SDN,Others,,Refugees,"UNHCR, COR",31/03/2024,35
Sudan,SDN,Others,,Refugees,"UNHCR, COR",30/09/2024,35
Sudan,SDN,South Sudan,SSD,Refugees,"UNHCR, COR",31/03/2024,663396
Sudan,SDN,South Sudan,SSD,Refugees,"UNHCR, COR",30/06/2024,662080
Sudan,SDN,South Sudan,SSD,Refugees,"UNHCR, COR",30/09/2024,632179
Sudan,SDN,Sudan,SDN,Refugees,"UNHCR, COR",22/05/2024,451805
Sudan,SDN,Sudan,SDN,Refugees,"UNHCR, COR",22/05/2024,439029
Sudan,SDN,Sudan,SDN,Refugees,"UNHCR, COR",31/07/2024,439052
Sudan,SDN,Sudan,SDN,Refugees,"UNHCR, COR",12/08/2024,476623
Sudan,SDN,Sudan,SDN,Refugees,"UNHCR, COR",30/09/2024,516258
Sudan,SDN,Sudan,SDN,Refugees,"UNHCR, COR",21/11/2024,522238
Senegal,SEN,Burundi,BDI,Refugees,"UNHCR, Government",31/10/2019,0
Senegal,SEN,Central African Rep.,CAF,Refugees,"UNHCR, Government",31/05/2024,235
Senegal,SEN,Central African Rep.,CAF,Refugees,"UNHCR, Government",30/06/2024,248
Senegal,SEN,Central African Rep.,CAF,Refugees,"UNHCR, Government",31/07/2024,252
Senegal,SEN,Central African Rep.,CAF,Refugees,"UNHCR, Government",30/09/2024,254
Senegal,SEN,Central African Rep.,CAF,Refugees,"UNHCR, Government",31/10/2024,252
Senegal,SEN,Central African Rep.,CAF,Refugees,"UNHCR, Government",30/11/2024,254
Senegal,SEN,Côte d'Ivoire,CIV,Refugees,"UNHCR, Government",31/10/2019,0
Senegal,SEN,Dem. Rep. of the Congo,COD,Refugees,"UNHCR, Government",31/10/2019,0
Senegal,SEN,Gambia,GMB,Refugees,"UNHCR, Government",30/09/2019,0
Senegal,SEN,Liberia,LBR,Refugees,"UNHCR, Government",31/10/2019,0
Senegal,SEN,Mauritania,MRT,Refugees,"UNHCR, Government",31/05/2024,11536
Senegal,SEN,Mauritania,MRT,Refugees,"UNHCR, Government",30/06/2024,11536
Senegal,SEN,Mauritania,MRT,Refugees,"UNHCR, Government",31/07/2024,11054
Senegal,SEN,Mauritania,MRT,Refugees,"UNHCR, Government",30/09/2024,11538
Senegal,SEN,Mauritania,MRT,Refugees,"UNHCR, Government",31/10/2024,11538
Senegal,SEN,Mauritania,MRT,Refugees,"UNHCR, Government",30/11/2024,11539
Senegal,SEN,Rwanda,RWA,Refugees,"UNHCR, Government",31/10/2019,0
Senegal,SEN,Turkey,TUR,Asylum-Seekers,"UNHCR, Government",30/09/2020,0
Senegal,SEN,Various,,Asylum-Seekers,"UNHCR, Government",31/05/2024,1024
Senegal,SEN,Various,,Asylum-Seekers,"UNHCR, Government",30/06/2024,1041
Senegal,SEN,Various,,Asylum-Seekers,"UNHCR, Government",31/07/2024,1091
Senegal,SEN,Various,,Asylum-Seekers,"UNHCR, Government",30/09/2024,1186
Senegal,SEN,Various,,Asylum-Seekers,"UNHCR, Government",31/10/2024,1242
Senegal,SEN,Various,,Asylum-Seekers,"UNHCR, Government",30/11/2024,1298
Sierra Leone,SLE,Côte d'Ivoire,CIV,Asylum-Seekers,"UNHCR, Government",28/02/2023,0
Sierra Leone,SLE,Côte d'Ivoire,CIV,Refugees,"UNHCR, Government",28/02/2023,0
Sierra Leone,SLE,Liberia,LBR,Refugees,"UNHCR, Government",31/08/2022,0
Somalia,SOM,Bangladesh,BGD,Refugees,UNHCR,31/08/2020,0
Somalia,SOM,Bangladesh,BGD,Refugees,"UNHCR, Government",31/08/2020,0
Somalia,SOM,Cameroon,CMR,Asylum-Seekers,UNHCR,31/08/2020,0
Somalia,SOM,Cameroon,CMR,Asylum-Seekers,"UNHCR, Government",31/08/2020,0
Somalia,SOM,Congo,COG,Asylum-Seekers,UNHCR,31/08/2020,0
Somalia,SOM,Congo,COG,Asylum-Seekers,"UNHCR, Government",31/08/2020,0
Somalia,SOM,Dem. Rep. of the Congo,COD,Asylum-Seekers,UNHCR,31/08/2020,0
Somalia,SOM,Dem. Rep. of the Congo,COD,Refugees,UNHCR,31/08/2020,0
Somalia,SOM,Dem. Rep. of the Congo,COD,Refugees,"UNHCR, Government",31/08/2020,0
Somalia,SOM,Dem. Rep. of the Congo,COD,Asylum-Seekers,"UNHCR, Government",31/08/2020,0
Somalia,SOM,Djibouti,DJI,Asylum-Seekers,UNHCR,31/08/2020,0
Somalia,SOM,Djibouti,DJI,Refugees,UNHCR,31/08/2020,0
Somalia,SOM,Djibouti,DJI,Asylum-Seekers,"UNHCR, Government",31/08/2020,0
Somalia,SOM,Djibouti,DJI,Refugees,"UNHCR, Government",31/08/2020,0
Somalia,SOM,Egypt,EGY,Refugees,UNHCR,31/01/2019,0
Somalia,SOM,Egypt,EGY,Refugees,"UNHCR, Government",31/01/2019,0
Somalia,SOM,Eritrea,ERI,Refugees,UNHCR,31/08/2020,0
Somalia,SOM,Eritrea,ERI,Asylum-Seekers,UNHCR,31/08/2020,0
Somalia,SOM,Eritrea,ERI,Refugees,"UNHCR, Government",31/08/2020,0
Somalia,SOM,Eritrea,ERI,Asylum-Seekers,"UNHCR, Government",31/08/2020,0
Somalia,SOM,Ethiopia,ETH,Asylum-Seekers,UNHCR,31/08/2020,0
Somalia,SOM,Ethiopia,ETH,Asylum-Seekers,"UNHCR, Government",31/08/2020,0
Somalia,SOM,Ethiopia,ETH,Refugees,"UNHCR, Government",31/08/2020,0
Somalia,SOM,Iraq,IRQ,Refugees,UNHCR,31/08/2020,0
Somalia,SOM,Iraq,IRQ,Asylum-Seekers,UNHCR,31/08/2020,0
Somalia,SOM,Iraq,IRQ,Asylum-Seekers,"UNHCR, Government",31/08/2020,0
Somalia,SOM,Iraq,IRQ,Refugees,"UNHCR, Government",31/08/2020,0
Somalia,SOM,Jordan,JOR,Asylum-Seekers,UNHCR,31/08/2020,0
Somalia,SOM,Jordan,JOR,Asylum-Seekers,"UNHCR, Government",31/08/2020,0
Somalia,SOM,Kenya,KEN,Asylum-Seekers,UNHCR,31/08/2020,0
Somalia,SOM,Kenya,KEN,Asylum-Seekers,"UNHCR, Government",31/08/2020,0
Somalia,SOM,Mozambique,MOZ,Asylum-Seekers,UNHCR,31/08/2020,0
Somalia,SOM,Mozambique,MOZ,Asylum-Seekers,"UNHCR, Government",31/08/2020,0
Somalia,SOM,Nigeria,NGA,Asylum-Seekers,UNHCR,31/08/2020,0
Somalia,SOM,Nigeria,NGA,Asylum-Seekers,"UNHCR, Government",31/08/2020,0
Somalia,SOM,Pakistan,PAK,Asylum-Seekers,UNHCR,31/08/2020,0
Somalia,SOM,Pakistan,PAK,Asylum-Seekers,"UNHCR, Government",31/08/2020,0
Somalia,SOM,Somalia,SOM,Asylum-Seekers,UNHCR,31/01/2019,0
Somalia,SOM,Somalia,SOM,Asylum-Seekers,"UNHCR, Government",31/01/2019,0
Somalia,SOM,State of Palestine,PSE,Asylum-Seekers,UNHCR,31/08/2020,0
Somalia,SOM,State of Palestine,PSE,Refugees,UNHCR,31/08/2020,0
Somalia,SOM,State of Palestine,PSE,Asylum-Seekers,"UNHCR, Government",31/08/2020,0
Somalia,SOM,State of Palestine,PSE,Refugees,"UNHCR, Government",31/08/2020,0
Somalia,SOM,Sudan,SDN,Refugees,UNHCR,31/08/2020,0
Somalia,SOM,Sudan,SDN,Asylum-Seekers,UNHCR,31/08/2020,0
Somalia,SOM,Sudan,SDN,Refugees,"UNHCR, Government",31/08/2020,0
Somalia,SOM,Sudan,SDN,Asylum-Seekers,"UNHCR, Government",31/08/2020,0
Somalia,SOM,Syrian Arab Rep.,SYR,Refugees,UNHCR,31/08/2020,0
Somalia,SOM,Syrian Arab Rep.,SYR,Asylum-Seekers,UNHCR,31/08/2020,0
Somalia,SOM,Syrian Arab Rep.,SYR,Refugees,"UNHCR, Government",31/08/2020,0
Somalia,SOM,Syrian Arab Rep.,SYR,Asylum-Seekers,"UNHCR, Government",31/08/2020,0
Somalia,SOM,Turkey,TUR,Refugees,UNHCR,31/08/2020,0
Somalia,SOM,Turkey,TUR,Refugees,"UNHCR, Government",31/08/2020,0
Somalia,SOM,Uganda,UGA,Refugees,UNHCR,31/01/2019,0
Somalia,SOM,Uganda,UGA,Asylum-Seekers,UNHCR,31/01/2019,0
Somalia,SOM,Uganda,UGA,Refugees,"UNHCR, Government",31/01/2019,0
Somalia,SOM,Uganda,UGA,Asylum-Seekers,"UNHCR, Government",31/01/2019,0
Somalia,SOM,United Arab Emirates,ARE,Asylum-Seekers,UNHCR,31/08/2020,0
Somalia,SOM,United Arab Emirates,ARE,Asylum-Seekers,"UNHCR, Government",31/08/2020,0
Somalia,SOM,United Rep. of Tanzania,TZA,Asylum-Seekers,UNHCR,31/08/2020,0
Somalia,SOM,United Rep. of Tanzania,TZA,Refugees,UNHCR,31/08/2020,0
Somalia,SOM,United Rep. of Tanzania,TZA,Refugees,"UNHCR, Government",31/08/2020,0
Somalia,SOM,United Rep. of Tanzania,TZA,Asylum-Seekers,"UNHCR, Government",31/08/2020,0
Somalia,SOM,United States of America,USA,Asylum-Seekers,UNHCR,31/08/2020,0
Somalia,SOM,United States of America,USA,Refugees,UNHCR,31/08/2020,0
Somalia,SOM,United States of America,USA,Asylum-Seekers,"UNHCR, Government",31/08/2020,0
Somalia,SOM,United States of America,USA,Refugees,"UNHCR, Government",31/08/2020,0
Somalia,SOM,Yemen,YEM,Refugees,UNHCR,31/08/2020,0
Somalia,SOM,Yemen,YEM,Asylum-Seekers,UNHCR,31/08/2020,0
Somalia,SOM,Yemen,YEM,Asylum-Seekers,"UNHCR, Government",31/08/2020,0
Somalia,SOM,Yemen,YEM,Refugees,"UNHCR, Government",31/08/2020,0
South Sudan,SSD,Burundi,BDI,Refugees,"UNHCR, Government",30/06/2024,578
South Sudan,SSD,Burundi,BDI,Refugees,"UNHCR, Government",31/07/2024,589
South Sudan,SSD,Burundi,BDI,Refugees,"UNHCR, Government",31/08/2024,1005
South Sudan,SSD,Burundi,BDI,Refugees,"UNHCR, Government",31/10/2024,27
South Sudan,SSD,Burundi,BDI,Asylum-Seekers,"UNHCR, Government",31/10/2024,27
South Sudan,SSD,Burundi,BDI,Asylum-Seekers,"UNHCR, Government",30/11/2024,1047
South Sudan,SSD,Central African Rep.,CAF,Refugees,"UNHCR, Government",29/02/2024,2486
South Sudan,SSD,Central African Rep.,CAF,Refugees,"UNHCR, Government",31/08/2024,2739
South Sudan,SSD,Central African Rep.,CAF,Refugees,"UNHCR, Government",31/10/2024,2751
South Sudan,SSD,Central African Rep.,CAF,Refugees,"UNHCR, Government",30/11/2024,2752
South Sudan,SSD,Dem. Rep. of the Congo,COD,Refugees,"UNHCR, Government",30/06/2024,13852
South Sudan,SSD,Dem. Rep. of the Congo,COD,Refugees,"UNHCR, Government",31/07/2024,13906
South Sudan,SSD,Dem. Rep. of the Congo,COD,Refugees,"UNHCR, Government",31/08/2024,13934
South Sudan,SSD,Dem. Rep. of the Congo,COD,Refugees,"UNHCR, Government",31/10/2024,13982
South Sudan,SSD,Dem. Rep. of the Congo,COD,Refugees,"UNHCR, Government",30/11/2024,14035
South Sudan,SSD,Eritrea,ERI,Asylum-Seekers,"UNHCR, Government",30/06/2024,2627
South Sudan,SSD,Eritrea,ERI,Asylum-Seekers,"UNHCR, Government",31/07/2024,2719
South Sudan,SSD,Eritrea,ERI,Asylum-Seekers,"UNHCR, Government",31/08/2024,2899
South Sudan,SSD,Eritrea,ERI,Asylum-Seekers,"UNHCR, Government",31/10/2024,3321
South Sudan,SSD,Eritrea,ERI,Refugees,"UNHCR, Government",31/10/2024,3321
South Sudan,SSD,Eritrea,ERI,Refugees,"UNHCR, Government",30/11/2024,3341
South Sudan,SSD,Ethiopia,ETH,Refugees,"UNHCR, Government",30/06/2024,5387
South Sudan,SSD,Ethiopia,ETH,Refugees,"UNHCR, Government",31/07/2024,5476
South Sudan,SSD,Ethiopia,ETH,Refugees,"UNHCR, Government",31/08/2024,5521
South Sudan,SSD,Ethiopia,ETH,Refugees,"UNHCR, Government",31/10/2024,5728
South Sudan,SSD,Ethiopia,ETH,Refugees,"UNHCR, Government",30/11/2024,5763
South Sudan,SSD,Others,,Asylum-Seekers,"UNHCR, Government",30/06/2024,43
South Sudan,SSD,Others,,Asylum-Seekers,"UNHCR, Government",31/07/2024,50
South Sudan,SSD,Others,,Asylum-Seekers,"UNHCR, Government",31/08/2024,50
South Sudan,SSD,Others,,Asylum-Seekers,"UNHCR, Government",31/10/2024,46
South Sudan,SSD,Others,,Asylum-Seekers,"UNHCR, Government",30/11/2024,46
South Sudan,SSD,Somalia,SOM,Asylum-Seekers,"UNHCR, Government",30/06/2024,29
South Sudan,SSD,Somalia,SOM,Asylum-Seekers,"UNHCR, Government",31/07/2024,27
South Sudan,SSD,Somalia,SOM,Refugees,"UNHCR, Government",31/07/2024,27
South Sudan,SSD,Somalia,SOM,Asylum-Seekers,"UNHCR, Government",31/08/2024,27
South Sudan,SSD,Somalia,SOM,Asylum-Seekers,"UNHCR, Government",31/10/2024,1041
South Sudan,SSD,Somalia,SOM,Refugees,"UNHCR, Government",31/10/2024,1041
South Sudan,SSD,Somalia,SOM,Refugees,"UNHCR, Government",30/11/2024,28
South Sudan,SSD,South Sudan,SSD,Asylum-Seekers,"UNHCR, Government",14/02/2024,0
South Sudan,SSD,Sudan,SDN,Refugees,"UNHCR, Government",07/07/2024,770847
South Sudan,SSD,Sudan,SDN,Refugees,"UNHCR, Government",14/07/2024,774664
South Sudan,SSD,Sudan,SDN,Refugees,"UNHCR, Government",21/07/2024,777160
South Sudan,SSD,Sudan,SDN,Refugees,"UNHCR, Government",28/07/2024,778811
South Sudan,SSD,Sudan,SDN,Refugees,"UNHCR, Government",04/08/2024,780795
South Sudan,SSD,Sudan,SDN,Refugees,"UNHCR, Government",04/08/2024,795362
South Sudan,SSD,Sudan,SDN,Refugees,"UNHCR, Government",04/08/2024,827726
South Sudan,SSD,Sudan,SDN,Refugees,"UNHCR, Government",11/08/2024,830161
South Sudan,SSD,Sudan,SDN,Refugees,"UNHCR, Government",11/08/2024,661600
South Sudan,SSD,Sudan,SDN,Refugees,"UNHCR, Government",18/08/2024,662670
South Sudan,SSD,Sudan,SDN,Refugees,"UNHCR, Government",25/08/2024,664422
South Sudan,SSD,Sudan,SDN,Refugees,"UNHCR, Government",01/09/2024,665726
South Sudan,SSD,Sudan,SDN,Refugees,"UNHCR, Government",08/09/2024,667412
South Sudan,SSD,Sudan,SDN,Refugees,"UNHCR, Government",08/09/2024,672382
South Sudan,SSD,Sudan,SDN,Refugees,"UNHCR, Government",10/11/2024,697112
South Sudan,SSD,Sudan,SDN,Refugees,"UNHCR, Government",17/11/2024,711831
South Sudan,SSD,Sudan,SDN,Refugees,"UNHCR, Government",24/11/2024,712845
South Sudan,SSD,Sudan,SDN,Refugees,"UNHCR, Government",01/12/2024,715107
South Sudan,SSD,Sudan,SDN,Refugees,"UNHCR, Government",01/12/2024,719017
South Sudan,SSD,Sudan,SDN,Refugees,"UNHCR, Government",08/12/2024,722121
South Sudan,SSD,Sudan,SDN,Refugees,"UNHCR, Government",15/12/2024,725357
South Sudan,SSD,Sudan,SDN,Refugees,"UNHCR, Government",22/12/2024,728978
South Sudan,SSD,Sudan,SDN,Refugees,"UNHCR, Government",29/12/2024,757169
South Sudan,SSD,Various,,Asylum-Seekers,"UNHCR, Government",30/06/2024,5536
South Sudan,SSD,Various,,Asylum-Seekers,"UNHCR, Government",31/07/2024,5620
South Sudan,SSD,Various,,Asylum-Seekers,"UNHCR, Government",31/08/2024,5250
South Sudan,SSD,Various,,Asylum-Seekers,"UNHCR, Government",31/10/2024,2050
South Sudan,SSD,Various,,Asylum-Seekers,"UNHCR, Government",30/11/2024,2424
Chad,TCD,Cameroon,CMR,Refugees,"UNHCR, Government",30/06/2024,13024
Chad,TCD,Cameroon,CMR,Refugees,"UNHCR, Government",31/07/2024,12148
Chad,TCD,Cameroon,CMR,Refugees,"UNHCR, Government",31/08/2024,11350
Chad,TCD,Cameroon,CMR,Refugees,"UNHCR, Government",31/10/2024,10317
Chad,TCD,Cameroon,CMR,Refugees,"UNHCR, Government",30/11/2024,9298
Chad,TCD,Central African Rep.,CAF,Refugees,"UNHCR, Government",30/06/2024,136249
Chad,TCD,Central African Rep.,CAF,Refugees,"UNHCR, Government",31/07/2024,137405
Chad,TCD,Central African Rep.,CAF,Refugees,"UNHCR, Government",31/08/2024,138225
Chad,TCD,Central African Rep.,CAF,Refugees,"UNHCR, Government",31/10/2024,137988
Chad,TCD,Central African Rep.,CAF,Asylum-Seekers,"UNHCR, Government",31/10/2024,137988
Chad,TCD,Central African Rep.,CAF,Asylum-Seekers,"UNHCR, Government",30/11/2024,137090
Chad,TCD,Dem. Rep. of the Congo,COD,Refugees,"UNHCR, Government",30/06/2024,274
Chad,TCD,Dem. Rep. of the Congo,COD,Refugees,"UNHCR, Government",31/07/2024,274
Chad,TCD,Dem. Rep. of the Congo,COD,Refugees,"UNHCR, Government",31/08/2024,276
Chad,TCD,Dem. Rep. of the Congo,COD,Refugees,"UNHCR, Government",31/10/2024,206
Chad,TCD,Dem. Rep. of the Congo,COD,Refugees,"UNHCR, Government",30/11/2024,206
Chad,TCD,Nigeria,NGA,Refugees,"UNHCR, Government",30/06/2024,21427
Chad,TCD,Nigeria,NGA,Refugees,"UNHCR, Government",31/07/2024,21488
Chad,TCD,Nigeria,NGA,Refugees,"UNHCR, Government",31/08/2024,21509
Chad,TCD,Nigeria,NGA,Refugees,"UNHCR, Government",31/10/2024,21676
Chad,TCD,Nigeria,NGA,Refugees,"UNHCR, Government",30/11/2024,21454
Chad,TCD,Sudan,SDN,Refugees,"UNHCR, Government",30/06/2024,1789228
Chad,TCD,Sudan,SDN,Refugees,"UNHCR, Government",12/07/2024,1795143
Chad,TCD,Sudan,SDN,Refugees,"UNHCR, Government",19/07/2024,1800353
Chad,TCD,Sudan,SDN,Refugees,"UNHCR, Government",26/07/2024,1801166
Chad,TCD,Sudan,SDN,Refugees,"UNHCR, Government",26/07/2024,1079711
Chad,TCD,Sudan,SDN,Refugees,"UNHCR, Government",02/08/2024,1080284
Chad,TCD,Sudan,SDN,Refugees,"UNHCR, Government",02/08/2024,1036444
Chad,TCD,Sudan,SDN,Refugees,"UNHCR, Government",02/08/2024,1666011
Chad,TCD,Sudan,SDN,Refugees,"UNHCR, Government",19/08/2024,1039099
Chad,TCD,Sudan,SDN,Refugees,"UNHCR, Government",25/08/2024,1040787
Chad,TCD,Sudan,SDN,Refugees,"UNHCR, Government",31/08/2024,1043143
Chad,TCD,Sudan,SDN,Refugees,"UNHCR, Government",31/08/2024,1029459
Chad,TCD,Sudan,SDN,Refugees,"UNHCR, Government",08/09/2024,1033829
Chad,TCD,Sudan,SDN,Refugees,"UNHCR, Government",10/11/2024,1073983
Chad,TCD,Sudan,SDN,Refugees,"UNHCR, Government",17/11/2024,1077920
Chad,TCD,Sudan,SDN,Refugees,"UNHCR, Government",24/11/2024,1078152
Chad,TCD,Sudan,SDN,Refugees,"UNHCR, Government",01/12/2024,1080818
Chad,TCD,Sudan,SDN,Refugees,"UNHCR, Government",08/12/2024,1083402
Chad,TCD,Sudan,SDN,Refugees,"UNHCR, Government",15/12/2024,1083798
Chad,TCD,Sudan,SDN,Refugees,"UNHCR, Government",15/12/2024,1093598
Chad,TCD,Sudan,SDN,Refugees,"UNHCR, Government",22/12/2024,1094135
Chad,TCD,Sudan,SDN,Refugees,"UNHCR, Government",29/12/2024,1094616
Chad,TCD,Various,,Refugees,"UNHCR, Government",30/06/2024,12572
Chad,TCD,Various,,Asylum-Seekers,"UNHCR, Government",30/06/2024,12572
Chad,TCD,Various,,Asylum-Seekers,"UNHCR, Government",31/07/2024,11429
Chad,TCD,Various,,Refugees,"UNHCR, Government",31/07/2024,11429
Chad,TCD,Various,,Asylum-Seekers,"UNHCR, Government",31/08/2024,10800
Chad,TCD,Various,,Asylum-Seekers,"UNHCR, Government",31/10/2024,8601
Chad,TCD,Various,,Asylum-Seekers,"UNHCR, Government",30/11/2024,8203
Togo,TGO,Burkina Faso,BFA,Refugees,"Government, UNHCR",31/05/2024,19550
Togo,TGO,Burkina Faso,BFA,Refugees,"Government, UNHCR",31/07/2024,20084
Togo,TGO,Burkina Faso,BFA,Refugees,"Government, UNHCR",30/09/2024,38046
Togo,TGO,Central African Rep.,CAF,Refugees,"Government, UNHCR",31/05/2024,127
Togo,TGO,Central African Rep.,CAF,Refugees,"Government, UNHCR",31/07/2024,128
Togo,TGO,Central African Rep.,CAF,Refugees,"Government, UNHCR",30/09/2024,128
Togo,TGO,Côte d'Ivoire,CIV,Refugees,"Government, UNHCR",31/05/2024,36
Togo,TGO,Côte d'Ivoire,CIV,Refugees,"Government, UNHCR",31/07/2024,36
Togo,TGO,Côte d'Ivoire,CIV,Refugees,"Government, UNHCR",30/09/2024,36
Togo,TGO,Dem. Rep. of the Congo,COD,Refugees,"Government, UNHCR",31/05/2024,65
Togo,TGO,Dem. Rep. of the Congo,COD,Refugees,"Government, UNHCR",31/07/2024,65
Togo,TGO,Dem. Rep. of the Congo,COD,Refugees,"Government, UNHCR",30/09/2024,68
Togo,TGO,Ghana,GHA,Refugees,"Government, UNHCR",31/05/2024,8437
Togo,TGO,Ghana,GHA,Refugees,"Government, UNHCR",31/07/2024,8437
Togo,TGO,Ghana,GHA,Refugees,"Government, UNHCR",30/09/2024,8437
Togo,TGO,Mali,MLI,Refugees,"Government, UNHCR",31/05/2024,73
Togo,TGO,Mali,MLI,Refugees,"Government, UNHCR",31/07/2024,73
Togo,TGO,Mali,MLI,Refugees,"Government, UNHCR",30/09/2024,74
Togo,TGO,Rwanda,RWA,Refugees,"Government, UNHCR",31/05/2024,98
Togo,TGO,Rwanda,RWA,Refugees,"Government, UNHCR",31/07/2024,98
Togo,TGO,Rwanda,RWA,Refugees,"Government, UNHCR",30/09/2024,95
Togo,TGO,Various,,Refugees,"Government, UNHCR",31/05/2024,19629
Togo,TGO,Various,,Refugees,"Government, UNHCR",31/07/2024,14990
Togo,TGO,Various,,Asylum-Seekers,"Government, UNHCR",30/09/2024,1758
Tanzania (United Republic of),TZA,Burundi,BDI,Refugees,"UNHCR, Government",30/06/2024,108161
Tanzania (United Republic of),TZA,Burundi,BDI,Refugees,"UNHCR, Government",31/07/2024,105956
Tanzania (United Republic of),TZA,Burundi,BDI,Refugees,"UNHCR, Government",31/08/2024,104765
Tanzania (United Republic of),TZA,Burundi,BDI,Refugees,"UNHCR, Government",31/10/2024,104125
Tanzania (United Republic of),TZA,Burundi,BDI,Refugees,"UNHCR, Government",30/11/2024,104113
Tanzania (United Republic of),TZA,Dem. Rep. of the Congo,COD,Refugees,"UNHCR, Government",30/06/2024,87415
Tanzania (United Republic of),TZA,Dem. Rep. of the Congo,COD,Refugees,"UNHCR, Government",31/07/2024,87301
Tanzania (United Republic of),TZA,Dem. Rep. of the Congo,COD,Asylum-Seekers,"UNHCR, Government",31/08/2024,87440
Tanzania (United Republic of),TZA,Dem. Rep. of the Congo,COD,Asylum-Seekers,"UNHCR, Government",31/10/2024,86764
Tanzania (United Republic of),TZA,Dem. Rep. of the Congo,COD,Asylum-Seekers,"UNHCR, Government",30/11/2024,86408
Tanzania (United Republic of),TZA,Kenya,KEN,Refugees,"UNHCR, Government",31/07/2019,0
Tanzania (United Republic of),TZA,Others,,Refugees,"UNHCR, Government",30/06/2024,605
Tanzania (United Republic of),TZA,Others,,Refugees,"UNHCR, Government",31/07/2024,615
Tanzania (United Republic of),TZA,Others,,Refugees,"UNHCR, Government",31/08/2024,628
Tanzania (United Republic of),TZA,Others,,Refugees,"UNHCR, Government",31/10/2024,631
Tanzania (United Republic of),TZA,Others,,Refugees,"UNHCR, Government",30/11/2024,628
Tanzania (United Republic of),TZA,Rwanda,RWA,Asylum-Seekers,"UNHCR, Government",31/07/2019,0
Tanzania (United Republic of),TZA,Somalia,SOM,Refugees,"UNHCR, Government",30/04/2018,0
Tanzania (United Republic of),TZA,Sudan,SDN,Refugees,"UNHCR, Government",31/07/2019,0
Tanzania (United Republic of),TZA,Uganda,UGA,Asylum-Seekers,"UNHCR, Government",31/07/2019,0
Uganda,UGA,Burundi,BDI,Refugees,"Office of the Prime Minister, UNHCR, Government",30/06/2024,43533
Uganda,UGA,Burundi,BDI,Refugees,"Office of the Prime Minister, UNHCR, Government",31/07/2024,43826
Uganda,UGA,Burundi,BDI,Asylum-Seekers,"Office of the Prime Minister, UNHCR, Government",31/07/2024,43826
Uganda,UGA,Burundi,BDI,Refugees,"Office of the Prime Minister, UNHCR, Government",31/08/2024,43172
Uganda,UGA,Burundi,BDI,Refugees,"Office of the Prime Minister, UNHCR, Government",31/10/2024,42843
Uganda,UGA,Burundi,BDI,Asylum-Seekers,"Office of the Prime Minister, UNHCR, Government",31/10/2024,42843
Uganda,UGA,Burundi,BDI,Asylum-Seekers,"Office of the Prime Minister, UNHCR, Government",30/11/2024,43036
Uganda,UGA,Burundi,BDI,Refugees,"Office of the Prime Minister, UNHCR, Government",30/11/2024,43036
Uganda,UGA,Dem. Rep. of the Congo,COD,Asylum-Seekers,"Office of the Prime Minister, UNHCR, Government",30/06/2024,526062
Uganda,UGA,Dem. Rep. of the Congo,COD,Refugees,"Office of the Prime Minister, UNHCR, Government",30/06/2024,526062
Uganda,UGA,Dem. Rep. of the Congo,COD,Refugees,"Office of the Prime Minister, UNHCR, Government",31/07/2024,531340
Uganda,UGA,Dem. Rep. of the Congo,COD,Asylum-Seekers,"Office of the Prime Minister, UNHCR, Government",31/07/2024,531340
Uganda,UGA,Dem. Rep. of the Congo,COD,Refugees,"Office of the Prime Minister, UNHCR, Government",31/08/2024,538138
Uganda,UGA,Dem. Rep. of the Congo,COD,Asylum-Seekers,"Office of the Prime Minister, UNHCR, Government",31/08/2024,538138
Uganda,UGA,Dem. Rep. of the Congo,COD,Refugees,"Office of the Prime Minister, UNHCR, Government",31/10/2024,552103
Uganda,UGA,Dem. Rep. of the Congo,COD,Asylum-Seekers,"Office of the Prime Minister, UNHCR, Government",31/10/2024,552103
Uganda,UGA,Dem. Rep. of the Congo,COD,Refugees,"Office of the Prime Minister, UNHCR, Government",30/11/2024,559198
Uganda,UGA,Eritrea,ERI,Asylum-Seekers,"Office of the Prime Minister, UNHCR, Government",30/06/2024,51882
Uganda,UGA,Eritrea,ERI,Asylum-Seekers,"Office of the Prime Minister, UNHCR, Government",31/07/2024,53517
Uganda,UGA,Eritrea,ERI,Refugees,"Office of the Prime Minister, UNHCR, Government",31/07/2024,53517
Uganda,UGA,Eritrea,ERI,Asylum-Seekers,"Office of the Prime Minister, UNHCR, Government",31/08/2024,55028
Uganda,UGA,Eritrea,ERI,Refugees,"Office of the Prime Minister, UNHCR, Government",31/10/2024,57301
Uganda,UGA,Eritrea,ERI,Asylum-Seekers,"Office of the Prime Minister, UNHCR, Government",31/10/2024,57301
Uganda,UGA,Eritrea,ERI,Asylum-Seekers,"Office of the Prime Minister, UNHCR, Government",30/11/2024,58330
Uganda,UGA,Eritrea,ERI,Refugees,"Office of the Prime Minister, UNHCR, Government",30/11/2024,58330
Uganda,UGA,Ethiopia,ETH,Asylum-Seekers,"Office of the Prime Minister, UNHCR, Government",30/06/2024,13035
Uganda,UGA,Ethiopia,ETH,Refugees,"Office of the Prime Minister, UNHCR, Government",30/06/2024,13035
Uganda,UGA,Ethiopia,ETH,Refugees,"Office of the Prime Minister, UNHCR, Government",31/07/2024,13491
Uganda,UGA,Ethiopia,ETH,Asylum-Seekers,"Office of the Prime Minister, UNHCR, Government",31/07/2024,13491
Uganda,UGA,Ethiopia,ETH,Asylum-Seekers,"Office of the Prime Minister, UNHCR, Government",31/08/2024,13933
Uganda,UGA,Ethiopia,ETH,Refugees,"Office of the Prime Minister, UNHCR, Government",31/08/2024,13933
Uganda,UGA,Ethiopia,ETH,Asylum-Seekers,"Office of the Prime Minister, UNHCR, Government",31/10/2024,14492
Uganda,UGA,Ethiopia,ETH,Refugees,"Office of the Prime Minister, UNHCR, Government",31/10/2024,14492
Uganda,UGA,Ethiopia,ETH,Refugees,"Office of the Prime Minister, UNHCR, Government",30/11/2024,14707
Uganda,UGA,Others,,Refugees,"Office of the Prime Minister, UNHCR, Government",30/06/2024,1499
Uganda,UGA,Others,,Asylum-Seekers,"Office of the Prime Minister, UNHCR, Government",30/06/2024,1499
Uganda,UGA,Others,,Asylum-Seekers,"Office of the Prime Minister, UNHCR, Government",31/07/2024,1518
Uganda,UGA,Others,,Refugees,"Office of the Prime Minister, UNHCR, Government",31/07/2024,1518
Uganda,UGA,Others,,Refugees,"Office of the Prime Minister, UNHCR, Government",31/08/2024,1561
Uganda,UGA,Others,,Asylum-Seekers,"Office of the Prime Minister, UNHCR, Government",31/08/2024,1561
Uganda,UGA,Others,,Refugees,"Office of the Prime Minister, UNHCR, Government",31/10/2024,1665
Uganda,UGA,Others,,Asylum-Seekers,"Office of the Prime Minister, UNHCR, Government",31/10/2024,1665
Uganda,UGA,Others,,Refugees,"Office of the Prime Minister, UNHCR, Government",30/11/2024,1726
Uganda,UGA,Others,,Asylum-Seekers,"Office of the Prime Minister, UNHCR, Government",30/11/2024,1726
Uganda,UGA,Rwanda,RWA,Refugees,"Office of the Prime Minister, UNHCR, Government",30/06/2024,24592
Uganda,UGA,Rwanda,RWA,Asylum-Seekers,"Office of the Prime Minister, UNHCR, Government",30/06/2024,24592
Uganda,UGA,Rwanda,RWA,Refugees,"Office of the Prime Minister, UNHCR, Government",31/07/2024,24634
Uganda,UGA,Rwanda,RWA,Asylum-Seekers,"Office of the Prime Minister, UNHCR, Government",31/07/2024,24634
Uganda,UGA,Rwanda,RWA,Refugees,"Office of the Prime Minister, UNHCR, Government",31/08/2024,24623
Uganda,UGA,Rwanda,RWA,Refugees,"Office of the Prime Minister, UNHCR, Government",31/10/2024,24079
Uganda,UGA,Rwanda,RWA,Refugees,"Office of the Prime Minister, UNHCR, Government",30/11/2024,24118
Uganda,UGA,Somalia,SOM,Refugees,"Office of the Prime Minister, UNHCR, Government",30/06/2024,51350
Uganda,UGA,Somalia,SOM,Refugees,"Office of the Prime Minister, UNHCR, Government",31/07/2024,51248
Uganda,UGA,Somalia,SOM,Asylum-Seekers,"Office of the Prime Minister, UNHCR, Government",31/07/2024,51248
Uganda,UGA,Somalia,SOM,Refugees,"Office of the Prime Minister, UNHCR, Government",31/08/2024,51230
Uganda,UGA,Somalia,SOM,Asylum-Seekers,"Office of the Prime Minister, UNHCR, Government",31/10/2024,51085
Uganda,UGA,Somalia,SOM,Refugees,"Office of the Prime Minister, UNHCR, Government",31/10/2024,51085
Uganda,UGA,Somalia,SOM,Refugees,"Office of the Prime Minister, UNHCR, Government",30/11/2024,50943
Uganda,UGA,Somalia,SOM,Asylum-Seekers,"Office of the Prime Minister, UNHCR, Government",30/11/2024,50943
Uganda,UGA,South Sudan,SSD,Refugees,"Office of the Prime Minister, UNHCR, Government",30/06/2024,948191
Uganda,UGA,South Sudan,SSD,Refugees,"Office of the Prime Minister, UNHCR, Government",31/07/2024,953536
Uganda,UGA,South Sudan,SSD,Asylum-Seekers,"Office of the Prime Minister, UNHCR, Government",31/07/2024,953536
Uganda,UGA,South Sudan,SSD,Refugees,"Office of the Prime Minister, UNHCR, Government",31/08/2024,959303
Uganda,UGA,South Sudan,SSD,Asylum-Seekers,"Office of the Prime Minister, UNHCR, Government",31/08/2024,959303
Uganda,UGA,South Sudan,SSD,Asylum-Seekers,"Office of the Prime Minister, UNHCR, Government",31/10/2024,967843
Uganda,UGA,South Sudan,SSD,Refugees,"Office of the Prime Minister, UNHCR, Government",31/10/2024,967843
Uganda,UGA,South Sudan,SSD,Asylum-Seekers,"Office of the Prime Minister, UNHCR, Government",30/11/2024,971462
Uganda,UGA,Sudan,SDN,Asylum-Seekers,"Office of the Prime Minister, UNHCR, Government",07/07/2024,85451
Uganda,UGA,Sudan,SDN,Asylum-Seekers,"Office of the Prime Minister, UNHCR, Government",12/07/2024,87378
Uganda,UGA,Sudan,SDN,Asylum-Seekers,"Office of the Prime Minister, UNHCR, Government",19/07/2024,89907
Uganda,UGA,Sudan,SDN,Asylum-Seekers,"Office of the Prime Minister, UNHCR, Government",26/07/2024,90542
Uganda,UGA,Sudan,SDN,Asylum-Seekers,"Office of the Prime Minister, UNHCR, Government",02/08/2024,91634
Uganda,UGA,Sudan,SDN,Asylum-Seekers,"Office of the Prime Minister, UNHCR, Government",02/08/2024,98768
Uganda,UGA,Sudan,SDN,Refugees,"Office of the Prime Minister, UNHCR, Government",02/08/2024,136646
Uganda,UGA,Sudan,SDN,Asylum-Seekers,"Office of the Prime Minister, UNHCR, Government",10/08/2024,100223
Uganda,UGA,Sudan,SDN,Asylum-Seekers,"Office of the Prime Minister, UNHCR, Government",16/08/2024,101225
Uganda,UGA,Sudan,SDN,Refugees,"Office of the Prime Minister, UNHCR, Government",16/08/2024,101225
Uganda,UGA,Sudan,SDN,Asylum-Seekers,"Office of the Prime Minister, UNHCR, Government",25/08/2024,102436
Uganda,UGA,Sudan,SDN,Asylum-Seekers,"Office of the Prime Minister, UNHCR, Government",31/08/2024,103611
Uganda,UGA,Sudan,SDN,Asylum-Seekers,"Office of the Prime Minister, UNHCR, Government",31/08/2024,108687
Uganda,UGA,Sudan,SDN,Asylum-Seekers,"Office of the Prime Minister, UNHCR, Government",08/09/2024,109499
Uganda,UGA,Sudan,SDN,Refugees,"Office of the Prime Minister, UNHCR, Government",10/11/2024,120786
Uganda,UGA,Sudan,SDN,Asylum-Seekers,"Office of the Prime Minister, UNHCR, Government",10/11/2024,120786
Uganda,UGA,Sudan,SDN,Asylum-Seekers,"Office of the Prime Minister, UNHCR, Government",18/11/2024,121575
Uganda,UGA,Sudan,SDN,Refugees,"Office of the Prime Minister, UNHCR, Government",18/11/2024,121575
Uganda,UGA,Sudan,SDN,Refugees,"Office of the Prime Minister, UNHCR, Government",30/11/2024,124370
Uganda,UGA,Sudan,SDN,Asylum-Seekers,"Office of the Prime Minister, UNHCR, Government",30/11/2024,124370
Uganda,UGA,Sudan,SDN,Asylum-Seekers,"Office of the Prime Minister, UNHCR, Government",22/12/2024,124400
Uganda,UGA,Sudan,SDN,Refugees,"Office of the Prime Minister, UNHCR, Government",22/12/2024,124400
Uganda,UGA,Sudan,SDN,Refugees,"Office of the Prime Minister, UNHCR, Government",29/12/2024,124466
Uganda,UGA,Sudan,SDN,Asylum-Seekers,"Office of the Prime Minister, UNHCR, Government",29/12/2024,124466
Zambia,ZMB,Burundi,BDI,Refugees,"UNHCR, Government",30/06/2024,13057
Zambia,ZMB,Burundi,BDI,Refugees,"UNHCR, Government",31/07/2024,13396
Zambia,ZMB,Burundi,BDI,Refugees,"UNHCR, Government",01/10/2024,14045
Zambia,ZMB,Dem. Rep. of the Congo,COD,Refugees,"UNHCR, Government",30/06/2024,65152
Zambia,ZMB,Dem. Rep. of the Congo,COD,Refugees,"UNHCR, Government",31/07/2024,65956
Zambia,ZMB,Dem. Rep. of the Congo,COD,Refugees,"UNHCR, Government",01/10/2024,67096
Zambia,ZMB,Others,,Refugees,"UNHCR, Government",30/06/2024,1218
Zambia,ZMB,Others,,Refugees,"UNHCR, Government",31/07/2024,1273
Zambia,ZMB,Others,,Refugees,"UNHCR, Government",01/10/2024,1317
Zambia,ZMB,Rwanda,RWA,Refugees,"UNHCR, Government",30/06/2024,949
Zambia,ZMB,Rwanda,RWA,Asylum-Seekers,"UNHCR, Government",31/07/2024,953
Zambia,ZMB,Rwanda,RWA,Asylum-Seekers,"UNHCR, Government",01/10/2024,985
Zambia,ZMB,Somalia,SOM,Asylum-Seekers,"UNHCR, Government",30/06/2024,4612
Zambia,ZMB,Somalia,SOM,Asylum-Seekers,"UNHCR, Government",31/07/2024,4729
Zambia,ZMB,Somalia,SOM,Asylum-Seekers,"UNHCR, Government",01/10/2024,4924
Zimbabwe,ZWE,Burundi,BDI,Asylum-Seekers,"UNHCR, Government",31/05/2024,790
Zimbabwe,ZWE,Burundi,BDI,Asylum-Seekers,"UNHCR, Government",30/06/2024,780
Zimbabwe,ZWE,Burundi,BDI,Asylum-Seekers,"UNHCR, Government",30/09/2024,784
Zimbabwe,ZWE,Burundi,BDI,Asylum-Seekers,"UNHCR, Government",31/10/2024,782
Zimbabwe,ZWE,Burundi,BDI,Asylum-Seekers,"UNHCR, Government",30/11/2024,777
Zimbabwe,ZWE,Mozambique,MOZ,Asylum-Seekers,"UNHCR, Government",31/05/2024,8401
Zimbabwe,ZWE,Mozambique,MOZ,Asylum-Seekers,"UNHCR, Government",30/06/2024,8405
Zimbabwe,ZWE,Mozambique,MOZ,Asylum-Seekers,"UNHCR, Government",30/09/2024,8437
Zimbabwe,ZWE,Mozambique,MOZ,Asylum-Seekers,"UNHCR, Government",31/10/2024,8450
Zimbabwe,ZWE,Mozambique,MOZ,Asylum-Seekers,"UNHCR, Government",30/11/2024,8453
Zimbabwe,ZWE,Others,,Refugees,"UNHCR, Government",31/05/2024,12461
Zimbabwe,ZWE,Others,,Refugees,"UNHCR, Government",30/06/2024,12468
Zimbabwe,ZWE,Others,,Asylum-Seekers,"UNHCR, Government",30/09/2024,12617
Zimbabwe,ZWE,Others,,Asylum-Seekers,"UNHCR, Government",31/10/2024,12582
Zimbabwe,ZWE,Others,,Asylum-Seekers,"UNHCR, Government",30/11/2024,12554
Zimbabwe,ZWE,Rwanda,RWA,Asylum-Seekers,"UNHCR, Government",31/05/2024,662
Zimbabwe,ZWE,Rwanda,RWA,Asylum-Seekers,"UNHCR, Government",30/06/2024,660
Zimbabwe,ZWE,Rwanda,RWA,Asylum-Seekers,"UNHCR, Government",30/09/2024,648
Zimbabwe,ZWE,Rwanda,RWA,Asylum-Seekers,"UNHCR, Government",31/10/2024,638
Zimbabwe,ZWE,Rwanda,RWA,Asylum-Seekers,"UNHCR, Government",30/11/2024,631
